,LOCATION,INDICATOR,SUBJECT,MEASURE,FREQUENCY,TIME,Value,Flag Codes
0,PRT,LTINT,TOT,PC_PA,A,1994,10.47833,
1,PRT,LTINT,TOT,PC_PA,A,1995,11.465,
2,PRT,LTINT,TOT,PC_PA,A,1996,8.559167,
3,PRT,LTINT,TOT,PC_PA,A,1997,6.358333,
4,PRT,LTINT,TOT,PC_PA,A,1998,4.8775,
5,PRT,LTINT,TOT,PC_PA,A,1999,4.7775,
6,PRT,LTINT,TOT,PC_PA,A,2000,5.595,
7,PRT,LTINT,TOT,PC_PA,A,2001,5.158333,
8,PRT,LTINT,TOT,PC_PA,A,2002,5.005833,
9,PRT,LTINT,TOT,PC_PA,A,2003,4.178333,
10,PRT,LTINT,TOT,PC_PA,A,2004,4.143333,
11,PRT,LTINT,TOT,PC_PA,A,2005,3.4375,
12,PRT,LTINT,TOT,PC_PA,A,2006,3.915,
13,PRT,LTINT,TOT,PC_PA,A,2007,4.423333,
14,PRT,LTINT,TOT,PC_PA,A,2008,4.519166,
15,PRT,LTINT,TOT,PC_PA,A,2009,4.210834,
16,PRT,LTINT,TOT,PC_PA,A,2010,5.395833,
17,PRT,LTINT,TOT,PC_PA,A,2011,10.23917,
18,PRT,LTINT,TOT,PC_PA,A,2012,10.5475,
19,PRT,LTINT,TOT,PC_PA,A,2013,6.294167,
20,PRT,LTINT,TOT,PC_PA,A,2014,3.754167,
21,PRT,LTINT,TOT,PC_PA,A,2015,2.423333,
22,PRT,LTINT,TOT,PC_PA,A,2016,3.171667,
23,PRT,LTINT,TOT,PC_PA,A,2017,3.0525,
24,PRT,LTINT,TOT,PC_PA,A,2018,1.839167,
25,PRT,LTINT,TOT,PC_PA,A,2019,0.7575,
26,PRT,LTINT,TOT,PC_PA,A,2020,0.4166667,
27,PRT,LTINT,TOT,PC_PA,A,2021,0.295,
28,PRT,LTINT,TOT,PC_PA,A,2022,2.17,
656,NOR,LTINT,TOT,PC_PA,A,1985,12.91167,
657,NOR,LTINT,TOT,PC_PA,A,1986,13.29917,
658,NOR,LTINT,TOT,PC_PA,A,1987,13.305,
659,NOR,LTINT,TOT,PC_PA,A,1988,12.89583,
660,NOR,LTINT,TOT,PC_PA,A,1989,10.82583,
661,NOR,LTINT,TOT,PC_PA,A,1990,10.68,
662,NOR,LTINT,TOT,PC_PA,A,1991,9.996667,
663,NOR,LTINT,TOT,PC_PA,A,1992,9.606667,
664,NOR,LTINT,TOT,PC_PA,A,1993,6.880833,
665,NOR,LTINT,TOT,PC_PA,A,1994,7.435833,
666,NOR,LTINT,TOT,PC_PA,A,1995,7.424167,
667,NOR,LTINT,TOT,PC_PA,A,1996,6.773334,
668,NOR,LTINT,TOT,PC_PA,A,1997,5.888333,
669,NOR,LTINT,TOT,PC_PA,A,1998,5.4,
670,NOR,LTINT,TOT,PC_PA,A,1999,5.4975,
671,NOR,LTINT,TOT,PC_PA,A,2000,6.218333,
672,NOR,LTINT,TOT,PC_PA,A,2001,6.236667,
673,NOR,LTINT,TOT,PC_PA,A,2002,6.384167,
674,NOR,LTINT,TOT,PC_PA,A,2003,5.045,
675,NOR,LTINT,TOT,PC_PA,A,2004,4.368333,
676,NOR,LTINT,TOT,PC_PA,A,2005,3.745833,
677,NOR,LTINT,TOT,PC_PA,A,2006,4.076667,
678,NOR,LTINT,TOT,PC_PA,A,2007,4.774167,
679,NOR,LTINT,TOT,PC_PA,A,2008,4.458333,
680,NOR,LTINT,TOT,PC_PA,A,2009,3.998333,
681,NOR,LTINT,TOT,PC_PA,A,2010,3.528333,
682,NOR,LTINT,TOT,PC_PA,A,2011,3.135,
683,NOR,LTINT,TOT,PC_PA,A,2012,2.101667,
684,NOR,LTINT,TOT,PC_PA,A,2013,2.5775,
685,NOR,LTINT,TOT,PC_PA,A,2014,2.515,
686,NOR,LTINT,TOT,PC_PA,A,2015,1.565,
687,NOR,LTINT,TOT,PC_PA,A,2016,1.331667,
688,NOR,LTINT,TOT,PC_PA,A,2017,1.6375,
689,NOR,LTINT,TOT,PC_PA,A,2018,1.879167,
690,NOR,LTINT,TOT,PC_PA,A,2019,1.494167,
691,NOR,LTINT,TOT,PC_PA,A,2020,0.8175,
692,NOR,LTINT,TOT,PC_PA,A,2021,1.4025,
693,NOR,LTINT,TOT,PC_PA,A,2022,2.82,
694,AUS,LTINT,TOT,PC_PA,A,1970,6.646667,
695,AUS,LTINT,TOT,PC_PA,A,1971,6.713333,
696,AUS,LTINT,TOT,PC_PA,A,1972,5.831666,
697,AUS,LTINT,TOT,PC_PA,A,1973,6.933333,
698,AUS,LTINT,TOT,PC_PA,A,1974,9.036667,
699,AUS,LTINT,TOT,PC_PA,A,1975,9.741667,
700,AUS,LTINT,TOT,PC_PA,A,1976,10.03083,
701,AUS,LTINT,TOT,PC_PA,A,1977,10.22667,
702,AUS,LTINT,TOT,PC_PA,A,1978,9.06,
703,AUS,LTINT,TOT,PC_PA,A,1979,9.749166,
704,AUS,LTINT,TOT,PC_PA,A,1980,11.6475,
705,AUS,LTINT,TOT,PC_PA,A,1981,13.95833,
706,AUS,LTINT,TOT,PC_PA,A,1982,15.375,
707,AUS,LTINT,TOT,PC_PA,A,1983,13.8875,
708,AUS,LTINT,TOT,PC_PA,A,1984,13.525,
709,AUS,LTINT,TOT,PC_PA,A,1985,13.95417,
710,AUS,LTINT,TOT,PC_PA,A,1986,13.41667,
711,AUS,LTINT,TOT,PC_PA,A,1987,13.19167,
712,AUS,LTINT,TOT,PC_PA,A,1988,12.10417,
713,AUS,LTINT,TOT,PC_PA,A,1989,13.40833,
714,AUS,LTINT,TOT,PC_PA,A,1990,13.18,
715,AUS,LTINT,TOT,PC_PA,A,1991,10.69083,
716,AUS,LTINT,TOT,PC_PA,A,1992,9.22,
717,AUS,LTINT,TOT,PC_PA,A,1993,7.280833,
718,AUS,LTINT,TOT,PC_PA,A,1994,9.041667,
719,AUS,LTINT,TOT,PC_PA,A,1995,9.210896,
720,AUS,LTINT,TOT,PC_PA,A,1996,8.209207,
721,AUS,LTINT,TOT,PC_PA,A,1997,6.954918,
722,AUS,LTINT,TOT,PC_PA,A,1998,5.49297,
723,AUS,LTINT,TOT,PC_PA,A,1999,6.009312,
724,AUS,LTINT,TOT,PC_PA,A,2000,6.314569,
725,AUS,LTINT,TOT,PC_PA,A,2001,5.615264,
726,AUS,LTINT,TOT,PC_PA,A,2002,5.843958,
727,AUS,LTINT,TOT,PC_PA,A,2003,5.366776,
728,AUS,LTINT,TOT,PC_PA,A,2004,5.590775,
729,AUS,LTINT,TOT,PC_PA,A,2005,5.339973,
730,AUS,LTINT,TOT,PC_PA,A,2006,5.587872,
731,AUS,LTINT,TOT,PC_PA,A,2007,5.994521,
732,AUS,LTINT,TOT,PC_PA,A,2008,5.817944,
733,AUS,LTINT,TOT,PC_PA,A,2009,5.039512,
734,AUS,LTINT,TOT,PC_PA,A,2010,5.366042,
735,AUS,LTINT,TOT,PC_PA,A,2011,4.879583,
736,AUS,LTINT,TOT,PC_PA,A,2012,3.379167,
737,AUS,LTINT,TOT,PC_PA,A,2013,3.697292,
738,AUS,LTINT,TOT,PC_PA,A,2014,3.656667,
739,AUS,LTINT,TOT,PC_PA,A,2015,2.710833,
740,AUS,LTINT,TOT,PC_PA,A,2016,2.336667,
741,AUS,LTINT,TOT,PC_PA,A,2017,2.639167,
742,AUS,LTINT,TOT,PC_PA,A,2018,2.684167,
743,AUS,LTINT,TOT,PC_PA,A,2019,1.493333,
744,AUS,LTINT,TOT,PC_PA,A,2020,0.9208333,
745,AUS,LTINT,TOT,PC_PA,A,2021,1.47,
746,AUS,LTINT,TOT,PC_PA,A,2022,3.198333,
747,ITA,LTINT,TOT,PC_PA,A,1992,13.2663,
748,ITA,LTINT,TOT,PC_PA,A,1993,11.18735,
749,ITA,LTINT,TOT,PC_PA,A,1994,10.51929,
750,ITA,LTINT,TOT,PC_PA,A,1995,12.20637,
751,ITA,LTINT,TOT,PC_PA,A,1996,9.401236,
752,ITA,LTINT,TOT,PC_PA,A,1997,6.860859,
753,ITA,LTINT,TOT,PC_PA,A,1998,4.882307,
754,ITA,LTINT,TOT,PC_PA,A,1999,4.727752,
755,ITA,LTINT,TOT,PC_PA,A,2000,5.575179,
756,ITA,LTINT,TOT,PC_PA,A,2001,5.188787,
757,ITA,LTINT,TOT,PC_PA,A,2002,5.034556,
758,ITA,LTINT,TOT,PC_PA,A,2003,4.248191,
759,ITA,LTINT,TOT,PC_PA,A,2004,4.258675,
760,ITA,LTINT,TOT,PC_PA,A,2005,3.555428,
761,ITA,LTINT,TOT,PC_PA,A,2006,4.046302,
762,ITA,LTINT,TOT,PC_PA,A,2007,4.487259,
763,ITA,LTINT,TOT,PC_PA,A,2008,4.681259,
764,ITA,LTINT,TOT,PC_PA,A,2009,4.311213,
765,ITA,LTINT,TOT,PC_PA,A,2010,4.03587,
766,ITA,LTINT,TOT,PC_PA,A,2011,5.422752,
767,ITA,LTINT,TOT,PC_PA,A,2012,5.492676,
768,ITA,LTINT,TOT,PC_PA,A,2013,4.316386,
769,ITA,LTINT,TOT,PC_PA,A,2014,2.893183,
770,ITA,LTINT,TOT,PC_PA,A,2015,1.713968,
771,ITA,LTINT,TOT,PC_PA,A,2016,1.486547,
772,ITA,LTINT,TOT,PC_PA,A,2017,2.113012,
773,ITA,LTINT,TOT,PC_PA,A,2018,2.610345,
774,ITA,LTINT,TOT,PC_PA,A,2019,1.951412,
775,ITA,LTINT,TOT,PC_PA,A,2020,1.168292,
776,ITA,LTINT,TOT,PC_PA,A,2021,0.81083,
777,ITA,LTINT,TOT,PC_PA,A,2022,3.156633,
2762,SVK,LTINT,TOT,PC_PA,A,2001,8.043349,
2763,SVK,LTINT,TOT,PC_PA,A,2002,6.934373,
2764,SVK,LTINT,TOT,PC_PA,A,2003,4.985866,
2765,SVK,LTINT,TOT,PC_PA,A,2004,5.026144,
2766,SVK,LTINT,TOT,PC_PA,A,2005,3.52158,
2767,SVK,LTINT,TOT,PC_PA,A,2006,4.412181,
2768,SVK,LTINT,TOT,PC_PA,A,2007,4.490726,
2769,SVK,LTINT,TOT,PC_PA,A,2008,4.723183,
2770,SVK,LTINT,TOT,PC_PA,A,2009,4.706512,
2771,SVK,LTINT,TOT,PC_PA,A,2010,3.871647,
2772,SVK,LTINT,TOT,PC_PA,A,2011,4.448205,
2773,SVK,LTINT,TOT,PC_PA,A,2012,4.553231,
2774,SVK,LTINT,TOT,PC_PA,A,2013,3.186377,
2775,SVK,LTINT,TOT,PC_PA,A,2014,2.071702,
2776,SVK,LTINT,TOT,PC_PA,A,2015,0.88525,
2777,SVK,LTINT,TOT,PC_PA,A,2016,0.5444093,
2778,SVK,LTINT,TOT,PC_PA,A,2017,0.9153607,
2779,SVK,LTINT,TOT,PC_PA,A,2018,0.885511,
2780,SVK,LTINT,TOT,PC_PA,A,2019,0.2463108,
2781,SVK,LTINT,TOT,PC_PA,A,2020,-0.03828775,
2782,SVK,LTINT,TOT,PC_PA,A,2021,-0.08023517,
2783,SVK,LTINT,TOT,PC_PA,A,2022,2.074054,
6303,GRC,LTINT,TOT,PC_PA,A,1998,8.481667,
6304,GRC,LTINT,TOT,PC_PA,A,1999,6.308333,
6305,GRC,LTINT,TOT,PC_PA,A,2000,6.108333,
6306,GRC,LTINT,TOT,PC_PA,A,2001,5.304167,
6307,GRC,LTINT,TOT,PC_PA,A,2002,5.1225,
6308,GRC,LTINT,TOT,PC_PA,A,2003,4.2675,
6309,GRC,LTINT,TOT,PC_PA,A,2004,4.255833,
6310,GRC,LTINT,TOT,PC_PA,A,2005,3.585,
6311,GRC,LTINT,TOT,PC_PA,A,2006,4.07,
6312,GRC,LTINT,TOT,PC_PA,A,2007,4.5,
6313,GRC,LTINT,TOT,PC_PA,A,2008,4.8025,
6314,GRC,LTINT,TOT,PC_PA,A,2009,5.174167,
6315,GRC,LTINT,TOT,PC_PA,A,2010,9.091666,
6316,GRC,LTINT,TOT,PC_PA,A,2011,15.74917,
6317,GRC,LTINT,TOT,PC_PA,A,2012,22.4975,
6318,GRC,LTINT,TOT,PC_PA,A,2013,10.05417,
6319,GRC,LTINT,TOT,PC_PA,A,2014,6.929167,
6320,GRC,LTINT,TOT,PC_PA,A,2015,9.666364,
6321,GRC,LTINT,TOT,PC_PA,A,2016,8.36,
6322,GRC,LTINT,TOT,PC_PA,A,2017,5.978333,
6323,GRC,LTINT,TOT,PC_PA,A,2018,4.185,
6324,GRC,LTINT,TOT,PC_PA,A,2019,2.585833,
6325,GRC,LTINT,TOT,PC_PA,A,2020,1.271667,
6326,GRC,LTINT,TOT,PC_PA,A,2021,0.8841667,
6327,GRC,LTINT,TOT,PC_PA,A,2022,3.486667,
6970,MEX,LTINT,TOT,PC_PA,A,2002,10.125,
6971,MEX,LTINT,TOT,PC_PA,A,2003,8.981667,
6972,MEX,LTINT,TOT,PC_PA,A,2004,9.538333,
6973,MEX,LTINT,TOT,PC_PA,A,2005,9.4175,
6974,MEX,LTINT,TOT,PC_PA,A,2006,8.388333,
6975,CHL,LTINT,TOT,PC_PA,A,2005,6.049167,
6976,CHL,LTINT,TOT,PC_PA,A,2006,6.16,
6977,CHL,LTINT,TOT,PC_PA,A,2007,6.0875,
6978,CHL,LTINT,TOT,PC_PA,A,2008,7.10119,
6979,CHL,LTINT,TOT,PC_PA,A,2009,5.665295,
6980,CHL,LTINT,TOT,PC_PA,A,2010,6.252874,
6981,CHL,LTINT,TOT,PC_PA,A,2011,5.969645,
6982,CHL,LTINT,TOT,PC_PA,A,2012,5.42557,
6983,CHL,LTINT,TOT,PC_PA,A,2013,5.308737,
6984,CHL,LTINT,TOT,PC_PA,A,2014,4.736615,
6985,CHL,LTINT,TOT,PC_PA,A,2015,4.480221,
6986,CHL,LTINT,TOT,PC_PA,A,2016,4.405277,
6987,CHL,LTINT,TOT,PC_PA,A,2017,4.244958,
6988,CHL,LTINT,TOT,PC_PA,A,2018,4.497857,
6989,CHL,LTINT,TOT,PC_PA,A,2019,3.577887,
6990,CHL,LTINT,TOT,PC_PA,A,2020,2.798563,
6991,CHL,LTINT,TOT,PC_PA,A,2021,4.36159,
6992,CHL,LTINT,TOT,PC_PA,A,2022,6.260022,
7643,SVN,LTINT,TOT,PC_PA,A,2003,6.401667,
7644,SVN,LTINT,TOT,PC_PA,A,2004,4.683333,
7645,SVN,LTINT,TOT,PC_PA,A,2005,3.806667,
7646,SVN,LTINT,TOT,PC_PA,A,2006,3.853333,
7647,SVN,LTINT,TOT,PC_PA,A,2007,4.53075,
7648,SVN,LTINT,TOT,PC_PA,A,2008,4.606333,
7649,SVN,LTINT,TOT,PC_PA,A,2009,4.375,
7650,SVN,LTINT,TOT,PC_PA,A,2010,3.8325,
7651,SVN,LTINT,TOT,PC_PA,A,2011,4.970917,
7652,SVN,LTINT,TOT,PC_PA,A,2012,5.808333,
7653,SVN,LTINT,TOT,PC_PA,A,2013,5.811666,
7654,SVN,LTINT,TOT,PC_PA,A,2014,3.27,
7655,SVN,LTINT,TOT,PC_PA,A,2015,1.705,
7656,SVN,LTINT,TOT,PC_PA,A,2016,1.149167,
7657,SVN,LTINT,TOT,PC_PA,A,2017,0.96,
7658,SVN,LTINT,TOT,PC_PA,A,2018,0.9308333,
7659,SVN,LTINT,TOT,PC_PA,A,2019,0.275,
7660,SVN,LTINT,TOT,PC_PA,A,2020,0.079,
7661,SVN,LTINT,TOT,PC_PA,A,2021,0.07083333,
7662,SVN,LTINT,TOT,PC_PA,A,2022,1.891833,
8778,CHE,LTINT,TOT,PC_PA,A,1955,2.9825,
8779,CHE,LTINT,TOT,PC_PA,A,1956,3.125,
8780,CHE,LTINT,TOT,PC_PA,A,1957,3.6675,
8781,CHE,LTINT,TOT,PC_PA,A,1958,3.153333,
8782,CHE,LTINT,TOT,PC_PA,A,1959,3.076667,
8783,CHE,LTINT,TOT,PC_PA,A,1960,3.0925,
8784,CHE,LTINT,TOT,PC_PA,A,1961,2.955833,
8785,CHE,LTINT,TOT,PC_PA,A,1962,3.124167,
8786,CHE,LTINT,TOT,PC_PA,A,1963,3.246667,
8787,CHE,LTINT,TOT,PC_PA,A,1964,3.970833,
8788,CHE,LTINT,TOT,PC_PA,A,1965,3.945833,
8789,CHE,LTINT,TOT,PC_PA,A,1966,4.164166,
8790,CHE,LTINT,TOT,PC_PA,A,1967,4.603333,
8791,CHE,LTINT,TOT,PC_PA,A,1968,4.3725,
8792,CHE,LTINT,TOT,PC_PA,A,1969,4.9,
8793,CHE,LTINT,TOT,PC_PA,A,1970,5.715833,
8794,CHE,LTINT,TOT,PC_PA,A,1971,5.265833,
8795,CHE,LTINT,TOT,PC_PA,A,1972,4.963333,
8796,CHE,LTINT,TOT,PC_PA,A,1973,5.594167,
8797,CHE,LTINT,TOT,PC_PA,A,1974,7.129167,
8798,CHE,LTINT,TOT,PC_PA,A,1975,6.435833,
8799,CHE,LTINT,TOT,PC_PA,A,1976,4.9825,
8800,CHE,LTINT,TOT,PC_PA,A,1977,4.045,
8801,CHE,LTINT,TOT,PC_PA,A,1978,3.326667,
8802,CHE,LTINT,TOT,PC_PA,A,1979,3.4525,
8803,CHE,LTINT,TOT,PC_PA,A,1980,4.7625,
8804,CHE,LTINT,TOT,PC_PA,A,1981,5.57,
8805,CHE,LTINT,TOT,PC_PA,A,1982,4.598333,
8806,CHE,LTINT,TOT,PC_PA,A,1983,4.174167,
8807,CHE,LTINT,TOT,PC_PA,A,1984,4.552917,
8808,CHE,LTINT,TOT,PC_PA,A,1985,4.700083,
8809,CHE,LTINT,TOT,PC_PA,A,1986,4.229917,
8810,CHE,LTINT,TOT,PC_PA,A,1987,4.03275,
8811,CHE,LTINT,TOT,PC_PA,A,1988,4.01975,
8812,CHE,LTINT,TOT,PC_PA,A,1989,5.197333,
8813,CHE,LTINT,TOT,PC_PA,A,1990,6.449417,
8814,CHE,LTINT,TOT,PC_PA,A,1991,6.239657,
8815,CHE,LTINT,TOT,PC_PA,A,1992,6.398413,
8816,CHE,LTINT,TOT,PC_PA,A,1993,4.552369,
8817,CHE,LTINT,TOT,PC_PA,A,1994,4.958611,
8818,CHE,LTINT,TOT,PC_PA,A,1995,4.521454,
8819,CHE,LTINT,TOT,PC_PA,A,1996,3.998025,
8820,CHE,LTINT,TOT,PC_PA,A,1997,3.356441,B
8821,CHE,LTINT,TOT,PC_PA,A,1998,3.044583,
8822,CHE,LTINT,TOT,PC_PA,A,1999,3.039333,
8823,CHE,LTINT,TOT,PC_PA,A,2000,3.925083,
8824,CHE,LTINT,TOT,PC_PA,A,2001,3.38175,
8825,CHE,LTINT,TOT,PC_PA,A,2002,3.198917,
8826,CHE,LTINT,TOT,PC_PA,A,2003,2.65875,
8827,CHE,LTINT,TOT,PC_PA,A,2004,2.740167,
8828,CHE,LTINT,TOT,PC_PA,A,2005,2.0955,
8829,CHE,LTINT,TOT,PC_PA,A,2006,2.517083,
8830,CHE,LTINT,TOT,PC_PA,A,2007,2.92675,
8831,CHE,LTINT,TOT,PC_PA,A,2008,2.896833,
8832,CHE,LTINT,TOT,PC_PA,A,2009,2.202667,
8833,CHE,LTINT,TOT,PC_PA,A,2010,1.631667,
8834,CHE,LTINT,TOT,PC_PA,A,2011,1.471667,
8835,CHE,LTINT,TOT,PC_PA,A,2012,0.6466666,
8836,CHE,LTINT,TOT,PC_PA,A,2013,0.9491667,
8837,CHE,LTINT,TOT,PC_PA,A,2014,0.6925,
8838,CHE,LTINT,TOT,PC_PA,A,2015,-0.06916667,
8839,CHE,LTINT,TOT,PC_PA,A,2016,-0.362,
8840,CHE,LTINT,TOT,PC_PA,A,2017,-0.07208333,
8841,CHE,LTINT,TOT,PC_PA,A,2018,0.03316667,
8842,CHE,LTINT,TOT,PC_PA,A,2019,-0.489,
8843,CHE,LTINT,TOT,PC_PA,A,2020,-0.5238333,
8844,CHE,LTINT,TOT,PC_PA,A,2021,-0.23225,
8845,CHE,LTINT,TOT,PC_PA,A,2022,0.8298333,
8846,JPN,LTINT,TOT,PC_PA,A,1989,5.12725,
8847,JPN,LTINT,TOT,PC_PA,A,1990,6.959917,
8848,JPN,LTINT,TOT,PC_PA,A,1991,6.336667,
8849,JPN,LTINT,TOT,PC_PA,A,1992,5.326583,
8850,JPN,LTINT,TOT,PC_PA,A,1993,4.320917,
8851,JPN,LTINT,TOT,PC_PA,A,1994,4.363333,
8852,JPN,LTINT,TOT,PC_PA,A,1995,3.4435,
8853,JPN,LTINT,TOT,PC_PA,A,1996,3.1015,
8854,JPN,LTINT,TOT,PC_PA,A,1997,2.373667,
8855,JPN,LTINT,TOT,PC_PA,A,1998,1.541417,
8856,JPN,LTINT,TOT,PC_PA,A,1999,1.749,
8857,JPN,LTINT,TOT,PC_PA,A,2000,1.744417,
8858,JPN,LTINT,TOT,PC_PA,A,2001,1.319,
8859,JPN,LTINT,TOT,PC_PA,A,2002,1.263167,
8860,JPN,LTINT,TOT,PC_PA,A,2003,1.00325,
8861,JPN,LTINT,TOT,PC_PA,A,2004,1.492667,
8862,JPN,LTINT,TOT,PC_PA,A,2005,1.35475,
8863,JPN,LTINT,TOT,PC_PA,A,2006,1.7405,
8864,JPN,LTINT,TOT,PC_PA,A,2007,1.6655,
8865,JPN,LTINT,TOT,PC_PA,A,2008,1.467333,
8866,JPN,LTINT,TOT,PC_PA,A,2009,1.33375,
8867,JPN,LTINT,TOT,PC_PA,A,2010,1.148333,
8868,JPN,LTINT,TOT,PC_PA,A,2011,1.102417,
8869,JPN,LTINT,TOT,PC_PA,A,2012,0.8355833,
8870,JPN,LTINT,TOT,PC_PA,A,2013,0.6896667,
8871,JPN,LTINT,TOT,PC_PA,A,2014,0.5203333,
8872,JPN,LTINT,TOT,PC_PA,A,2015,0.35,
8873,JPN,LTINT,TOT,PC_PA,A,2016,-0.06625,
8874,JPN,LTINT,TOT,PC_PA,A,2017,0.05166667,
8875,JPN,LTINT,TOT,PC_PA,A,2018,0.065,
8876,JPN,LTINT,TOT,PC_PA,A,2019,-0.1104167,
8877,JPN,LTINT,TOT,PC_PA,A,2020,-0.005416667,
8878,JPN,LTINT,TOT,PC_PA,A,2021,0.07166667,
8879,JPN,LTINT,TOT,PC_PA,A,2022,0.2316667,
9732,ZAF,LTINT,TOT,PC_PA,A,1957,4.75,
9733,ZAF,LTINT,TOT,PC_PA,A,1958,5.145833,
9734,ZAF,LTINT,TOT,PC_PA,A,1959,5.25,
9735,ZAF,LTINT,TOT,PC_PA,A,1960,5.293334,
9736,ZAF,LTINT,TOT,PC_PA,A,1961,5.773334,
9737,ZAF,LTINT,TOT,PC_PA,A,1962,5.386667,
9738,ZAF,LTINT,TOT,PC_PA,A,1963,4.75,
9739,ZAF,LTINT,TOT,PC_PA,A,1964,4.770833,
9740,ZAF,LTINT,TOT,PC_PA,A,1965,5.604167,
9741,ZAF,LTINT,TOT,PC_PA,A,1966,6.25,
9742,ZAF,LTINT,TOT,PC_PA,A,1967,6.5,
9743,ZAF,LTINT,TOT,PC_PA,A,1968,6.5,
9744,ZAF,LTINT,TOT,PC_PA,A,1969,6.5,
9745,ZAF,LTINT,TOT,PC_PA,A,1970,7.145833,
9746,ZAF,LTINT,TOT,PC_PA,A,1971,8.375,
9747,ZAF,LTINT,TOT,PC_PA,A,1972,8.353333,
9748,ZAF,LTINT,TOT,PC_PA,A,1973,7.8325,
9749,ZAF,LTINT,TOT,PC_PA,A,1974,8.958333,
9750,ZAF,LTINT,TOT,PC_PA,A,1975,9.708333,
9751,ZAF,LTINT,TOT,PC_PA,A,1976,10.43667,
9752,ZAF,LTINT,TOT,PC_PA,A,1977,11.00833,
9753,ZAF,LTINT,TOT,PC_PA,A,1978,10.39583,
9754,ZAF,LTINT,TOT,PC_PA,A,1979,9.26,
9755,ZAF,LTINT,TOT,PC_PA,A,1980,10.08583,
9756,ZAF,LTINT,TOT,PC_PA,A,1981,12.9875,
9757,ZAF,LTINT,TOT,PC_PA,A,1982,13.50833,
9758,ZAF,LTINT,TOT,PC_PA,A,1983,12.665,
9759,ZAF,LTINT,TOT,PC_PA,A,1984,15.22667,
9760,ZAF,LTINT,TOT,PC_PA,A,1985,16.79167,
9761,ZAF,LTINT,TOT,PC_PA,A,1986,16.36583,
9762,ZAF,LTINT,TOT,PC_PA,A,1987,15.29667,
9763,ZAF,LTINT,TOT,PC_PA,A,1988,16.37167,
9764,ZAF,LTINT,TOT,PC_PA,A,1989,16.90083,
9765,ZAF,LTINT,TOT,PC_PA,A,1990,16.15083,
9766,ZAF,LTINT,TOT,PC_PA,A,1991,16.34417,
9767,ZAF,LTINT,TOT,PC_PA,A,1992,15.44,
9768,ZAF,LTINT,TOT,PC_PA,A,1993,13.9675,
9769,ZAF,LTINT,TOT,PC_PA,A,1994,14.83167,
9770,ZAF,LTINT,TOT,PC_PA,A,1995,16.10667,
9771,ZAF,LTINT,TOT,PC_PA,A,1996,15.48333,
9772,ZAF,LTINT,TOT,PC_PA,A,1997,14.6975,
9773,ZAF,LTINT,TOT,PC_PA,A,1998,15.1225,
9774,ZAF,LTINT,TOT,PC_PA,A,1999,14.90167,
9775,ZAF,LTINT,TOT,PC_PA,A,2000,13.78667,
9776,ZAF,LTINT,TOT,PC_PA,A,2001,11.40667,
9777,ZAF,LTINT,TOT,PC_PA,A,2002,11.50083,
9778,ZAF,LTINT,TOT,PC_PA,A,2003,9.615833,
9779,ZAF,LTINT,TOT,PC_PA,A,2004,9.526667,
9780,ZAF,LTINT,TOT,PC_PA,A,2005,8.066667,
9781,ZAF,LTINT,TOT,PC_PA,A,2006,7.9375,
9782,ZAF,LTINT,TOT,PC_PA,A,2007,7.985,
9783,ZAF,LTINT,TOT,PC_PA,A,2008,9.1,
9784,ZAF,LTINT,TOT,PC_PA,A,2009,8.703333,
9785,ZAF,LTINT,TOT,PC_PA,A,2010,8.615,
9786,ZAF,LTINT,TOT,PC_PA,A,2011,8.52,
9787,ZAF,LTINT,TOT,PC_PA,A,2012,7.9,
9788,ZAF,LTINT,TOT,PC_PA,A,2013,7.7225,
9789,ZAF,LTINT,TOT,PC_PA,A,2014,8.25,
9790,ZAF,LTINT,TOT,PC_PA,A,2015,8.165833,
9791,ZAF,LTINT,TOT,PC_PA,A,2016,9.020833,
9792,ZAF,LTINT,TOT,PC_PA,A,2017,9.0525,
9793,ZAF,LTINT,TOT,PC_PA,A,2018,9.131667,
9794,ZAF,LTINT,TOT,PC_PA,A,2019,9.0725,
9795,ZAF,LTINT,TOT,PC_PA,A,2020,10.075,
9796,ZAF,LTINT,TOT,PC_PA,A,2021,9.789166,
9797,ZAF,LTINT,TOT,PC_PA,A,2022,10.73583,
9798,DEU,LTINT,TOT,PC_PA,A,1957,7.516667,
9799,DEU,LTINT,TOT,PC_PA,A,1958,6.783333,
9800,DEU,LTINT,TOT,PC_PA,A,1959,5.766667,
9801,DEU,LTINT,TOT,PC_PA,A,1960,6.425,
9802,DEU,LTINT,TOT,PC_PA,A,1961,5.875,
9803,DEU,LTINT,TOT,PC_PA,A,1962,5.908333,
9804,DEU,LTINT,TOT,PC_PA,A,1963,6.05,
9805,DEU,LTINT,TOT,PC_PA,A,1964,6.233333,
9806,DEU,LTINT,TOT,PC_PA,A,1965,7.05,
9807,DEU,LTINT,TOT,PC_PA,A,1966,8.125,
9808,DEU,LTINT,TOT,PC_PA,A,1967,6.958333,
9809,DEU,LTINT,TOT,PC_PA,A,1968,6.45,
9810,DEU,LTINT,TOT,PC_PA,A,1969,6.841667,
9811,DEU,LTINT,TOT,PC_PA,A,1970,8.316667,
9812,DEU,LTINT,TOT,PC_PA,A,1971,7.991667,
9813,DEU,LTINT,TOT,PC_PA,A,1972,7.875,
9814,DEU,LTINT,TOT,PC_PA,A,1973,9.308333,
9815,DEU,LTINT,TOT,PC_PA,A,1974,10.44167,
9816,DEU,LTINT,TOT,PC_PA,A,1975,8.675,
9817,DEU,LTINT,TOT,PC_PA,A,1976,8.033334,
9818,DEU,LTINT,TOT,PC_PA,A,1977,6.533333,
9819,DEU,LTINT,TOT,PC_PA,A,1978,6.133333,
9820,DEU,LTINT,TOT,PC_PA,A,1979,7.566667,
9821,DEU,LTINT,TOT,PC_PA,A,1980,8.425,
9822,DEU,LTINT,TOT,PC_PA,A,1981,10.13333,
9823,DEU,LTINT,TOT,PC_PA,A,1982,8.908334,
9824,DEU,LTINT,TOT,PC_PA,A,1983,8.083333,
9825,DEU,LTINT,TOT,PC_PA,A,1984,7.958333,
9826,DEU,LTINT,TOT,PC_PA,A,1985,7.041667,
9827,DEU,LTINT,TOT,PC_PA,A,1986,6.158333,
9828,DEU,LTINT,TOT,PC_PA,A,1987,6.25,
9829,DEU,LTINT,TOT,PC_PA,A,1988,6.491667,
9830,DEU,LTINT,TOT,PC_PA,A,1989,7.025,
9831,DEU,LTINT,TOT,PC_PA,A,1990,8.726459,
9832,DEU,LTINT,TOT,PC_PA,A,1991,8.445625,
9833,DEU,LTINT,TOT,PC_PA,A,1992,7.835208,
9834,DEU,LTINT,TOT,PC_PA,A,1993,6.496459,
9835,DEU,LTINT,TOT,PC_PA,A,1994,6.884414,
9836,DEU,LTINT,TOT,PC_PA,A,1995,6.850543,
9837,DEU,LTINT,TOT,PC_PA,A,1996,6.215378,
9838,DEU,LTINT,TOT,PC_PA,A,1997,5.640138,
9839,DEU,LTINT,TOT,PC_PA,A,1998,4.573801,
9840,DEU,LTINT,TOT,PC_PA,A,1999,4.49061,
9841,DEU,LTINT,TOT,PC_PA,A,2000,5.263958,
9842,DEU,LTINT,TOT,PC_PA,A,2001,4.796593,
9843,DEU,LTINT,TOT,PC_PA,A,2002,4.78358,
9844,DEU,LTINT,TOT,PC_PA,A,2003,4.071143,
9845,DEU,LTINT,TOT,PC_PA,A,2004,4.037156,
9846,DEU,LTINT,TOT,PC_PA,A,2005,3.354017,
9847,DEU,LTINT,TOT,PC_PA,A,2006,3.764125,
9848,DEU,LTINT,TOT,PC_PA,A,2007,4.216955,
9849,DEU,LTINT,TOT,PC_PA,A,2008,3.984768,
9850,DEU,LTINT,TOT,PC_PA,A,2009,3.222218,
9851,DEU,LTINT,TOT,PC_PA,A,2010,2.744267,
9852,DEU,LTINT,TOT,PC_PA,A,2011,2.609185,
9853,DEU,LTINT,TOT,PC_PA,A,2012,1.49513,
9854,DEU,LTINT,TOT,PC_PA,A,2013,1.571408,
9855,DEU,LTINT,TOT,PC_PA,A,2014,1.163472,
9856,DEU,LTINT,TOT,PC_PA,A,2015,0.4951937,
9857,DEU,LTINT,TOT,PC_PA,A,2016,0.09149919,
9858,DEU,LTINT,TOT,PC_PA,A,2017,0.3163361,
9859,DEU,LTINT,TOT,PC_PA,A,2018,0.396364,
9860,DEU,LTINT,TOT,PC_PA,A,2019,-0.2536345,
9861,DEU,LTINT,TOT,PC_PA,A,2020,-0.511024,
9862,DEU,LTINT,TOT,PC_PA,A,2021,-0.3738212,
9863,DEU,LTINT,TOT,PC_PA,A,2022,1.142583,
10688,USA,LTINT,TOT,PC_PA,A,1954,2.401667,
10689,USA,LTINT,TOT,PC_PA,A,1955,2.816667,
10690,USA,LTINT,TOT,PC_PA,A,1956,3.1825,
10691,USA,LTINT,TOT,PC_PA,A,1957,3.6475,
10692,USA,LTINT,TOT,PC_PA,A,1958,3.315833,
10693,USA,LTINT,TOT,PC_PA,A,1959,4.333333,
10694,USA,LTINT,TOT,PC_PA,A,1960,4.116667,
10695,USA,LTINT,TOT,PC_PA,A,1961,3.8825,
10696,USA,LTINT,TOT,PC_PA,A,1962,3.945833,
10697,USA,LTINT,TOT,PC_PA,A,1963,4.0025,
10698,USA,LTINT,TOT,PC_PA,A,1964,4.186666,
10699,USA,LTINT,TOT,PC_PA,A,1965,4.2825,
10700,USA,LTINT,TOT,PC_PA,A,1966,4.923333,
10701,USA,LTINT,TOT,PC_PA,A,1967,5.073333,
10702,USA,LTINT,TOT,PC_PA,A,1968,5.645833,
10703,USA,LTINT,TOT,PC_PA,A,1969,6.670833,
10704,USA,LTINT,TOT,PC_PA,A,1970,7.348333,
10705,USA,LTINT,TOT,PC_PA,A,1971,6.159167,
10706,USA,LTINT,TOT,PC_PA,A,1972,6.21,
10707,USA,LTINT,TOT,PC_PA,A,1973,6.8425,
10708,USA,LTINT,TOT,PC_PA,A,1974,7.5575,
10709,USA,LTINT,TOT,PC_PA,A,1975,7.9875,
10710,USA,LTINT,TOT,PC_PA,A,1976,7.611667,
10711,USA,LTINT,TOT,PC_PA,A,1977,7.419167,
10712,USA,LTINT,TOT,PC_PA,A,1978,8.41,
10713,USA,LTINT,TOT,PC_PA,A,1979,9.4425,
10714,USA,LTINT,TOT,PC_PA,A,1980,11.46,
10715,USA,LTINT,TOT,PC_PA,A,1981,13.91083,
10716,USA,LTINT,TOT,PC_PA,A,1982,13.00167,
10717,USA,LTINT,TOT,PC_PA,A,1983,11.105,
10718,USA,LTINT,TOT,PC_PA,A,1984,12.43833,
10719,USA,LTINT,TOT,PC_PA,A,1985,10.62333,
10720,USA,LTINT,TOT,PC_PA,A,1986,7.6825,
10721,USA,LTINT,TOT,PC_PA,A,1987,8.384167,
10722,USA,LTINT,TOT,PC_PA,A,1988,8.845834,
10723,USA,LTINT,TOT,PC_PA,A,1989,8.498333,
10724,USA,LTINT,TOT,PC_PA,A,1990,8.55,
10725,USA,LTINT,TOT,PC_PA,A,1991,7.858333,
10726,USA,LTINT,TOT,PC_PA,A,1992,7.01,
10727,USA,LTINT,TOT,PC_PA,A,1993,5.873333,
10728,USA,LTINT,TOT,PC_PA,A,1994,7.08,
10729,USA,LTINT,TOT,PC_PA,A,1995,6.58,
10730,USA,LTINT,TOT,PC_PA,A,1996,6.438334,
10731,USA,LTINT,TOT,PC_PA,A,1997,6.3525,
10732,USA,LTINT,TOT,PC_PA,A,1998,5.264167,
10733,USA,LTINT,TOT,PC_PA,A,1999,5.636667,
10734,USA,LTINT,TOT,PC_PA,A,2000,6.029167,
10735,USA,LTINT,TOT,PC_PA,A,2001,5.0175,
10736,USA,LTINT,TOT,PC_PA,A,2002,4.610833,
10737,USA,LTINT,TOT,PC_PA,A,2003,4.015,
10738,USA,LTINT,TOT,PC_PA,A,2004,4.274167,
10739,USA,LTINT,TOT,PC_PA,A,2005,4.29,
10740,USA,LTINT,TOT,PC_PA,A,2006,4.791667,
10741,USA,LTINT,TOT,PC_PA,A,2007,4.629167,
10742,USA,LTINT,TOT,PC_PA,A,2008,3.666667,
10743,USA,LTINT,TOT,PC_PA,A,2009,3.256667,
10744,USA,LTINT,TOT,PC_PA,A,2010,3.214167,
10745,USA,LTINT,TOT,PC_PA,A,2011,2.785833,
10746,USA,LTINT,TOT,PC_PA,A,2012,1.8025,
10747,USA,LTINT,TOT,PC_PA,A,2013,2.350833,
10748,USA,LTINT,TOT,PC_PA,A,2014,2.540833,
10749,USA,LTINT,TOT,PC_PA,A,2015,2.135833,
10750,USA,LTINT,TOT,PC_PA,A,2016,1.841667,
10751,USA,LTINT,TOT,PC_PA,A,2017,2.33,
10752,USA,LTINT,TOT,PC_PA,A,2018,2.91,
10753,USA,LTINT,TOT,PC_PA,A,2019,2.144167,
10754,USA,LTINT,TOT,PC_PA,A,2020,0.8941666,
10755,USA,LTINT,TOT,PC_PA,A,2021,1.4425,
10756,USA,LTINT,TOT,PC_PA,A,2022,2.951667,
10757,NZL,LTINT,TOT,PC_PA,A,1970,5.5075,
10758,NZL,LTINT,TOT,PC_PA,A,1971,5.516667,
10759,NZL,LTINT,TOT,PC_PA,A,1972,5.523334,
10760,NZL,LTINT,TOT,PC_PA,A,1973,5.796667,
10761,NZL,LTINT,TOT,PC_PA,A,1974,6.0825,
10762,NZL,LTINT,TOT,PC_PA,A,1975,6.326667,
10763,NZL,LTINT,TOT,PC_PA,A,1976,8.341666,
10764,NZL,LTINT,TOT,PC_PA,A,1977,9.239166,
10765,NZL,LTINT,TOT,PC_PA,A,1978,9.979167,
10766,NZL,LTINT,TOT,PC_PA,A,1979,11.97909,
10767,NZL,LTINT,TOT,PC_PA,A,1980,13.28333,
10768,NZL,LTINT,TOT,PC_PA,A,1981,12.8325,
10769,NZL,LTINT,TOT,PC_PA,A,1982,12.89333,
10770,NZL,LTINT,TOT,PC_PA,A,1983,12.1825,
10771,NZL,LTINT,TOT,PC_PA,A,1984,12.61,
10772,NZL,LTINT,TOT,PC_PA,A,1985,17.6575,
10773,NZL,LTINT,TOT,PC_PA,A,1986,16.4475,
10774,NZL,LTINT,TOT,PC_PA,A,1987,15.71,
10775,NZL,LTINT,TOT,PC_PA,A,1988,13.11583,
10776,NZL,LTINT,TOT,PC_PA,A,1989,12.82917,
10777,NZL,LTINT,TOT,PC_PA,A,1990,12.445,
10778,NZL,LTINT,TOT,PC_PA,A,1991,10.11,
10779,NZL,LTINT,TOT,PC_PA,A,1992,8.401667,
10780,NZL,LTINT,TOT,PC_PA,A,1993,6.934166,
10781,NZL,LTINT,TOT,PC_PA,A,1994,7.630833,
10782,NZL,LTINT,TOT,PC_PA,A,1995,7.779167,
10783,NZL,LTINT,TOT,PC_PA,A,1996,7.894166,
10784,NZL,LTINT,TOT,PC_PA,A,1997,7.191667,
10785,NZL,LTINT,TOT,PC_PA,A,1998,6.2875,
10786,NZL,LTINT,TOT,PC_PA,A,1999,6.4125,
10787,NZL,LTINT,TOT,PC_PA,A,2000,6.8525,
10788,NZL,LTINT,TOT,PC_PA,A,2001,6.393333,
10789,NZL,LTINT,TOT,PC_PA,A,2002,6.5275,
10790,NZL,LTINT,TOT,PC_PA,A,2003,5.866667,
10791,NZL,LTINT,TOT,PC_PA,A,2004,6.065834,
10792,NZL,LTINT,TOT,PC_PA,A,2005,5.875,
10793,NZL,LTINT,TOT,PC_PA,A,2006,5.780833,
10794,NZL,LTINT,TOT,PC_PA,A,2007,6.265,
10795,NZL,LTINT,TOT,PC_PA,A,2008,6.080833,
10796,NZL,LTINT,TOT,PC_PA,A,2009,5.456666,
10797,NZL,LTINT,TOT,PC_PA,A,2010,5.603333,
10798,NZL,LTINT,TOT,PC_PA,A,2011,4.945,
10799,NZL,LTINT,TOT,PC_PA,A,2012,3.685,
10800,NZL,LTINT,TOT,PC_PA,A,2013,4.093333,
10801,NZL,LTINT,TOT,PC_PA,A,2014,4.304167,
10802,NZL,LTINT,TOT,PC_PA,A,2015,3.423333,
10803,NZL,LTINT,TOT,PC_PA,A,2016,2.761667,
10804,NZL,LTINT,TOT,PC_PA,A,2017,2.990833,
10805,NZL,LTINT,TOT,PC_PA,A,2018,2.754167,
10806,NZL,LTINT,TOT,PC_PA,A,2019,1.649167,
10807,NZL,LTINT,TOT,PC_PA,A,2020,0.8908333,
10808,NZL,LTINT,TOT,PC_PA,A,2021,1.815,
10809,NZL,LTINT,TOT,PC_PA,A,2022,3.639167,
10810,IRL,LTINT,TOT,PC_PA,A,1971,9.386634,
10811,IRL,LTINT,TOT,PC_PA,A,1972,9.217292,
10812,IRL,LTINT,TOT,PC_PA,A,1973,10.88955,
10813,IRL,LTINT,TOT,PC_PA,A,1974,14.85469,
10814,IRL,LTINT,TOT,PC_PA,A,1975,14.19172,
10815,IRL,LTINT,TOT,PC_PA,A,1976,14.84792,
10816,IRL,LTINT,TOT,PC_PA,A,1977,13.09353,
10817,IRL,LTINT,TOT,PC_PA,A,1978,13.04019,
10818,IRL,LTINT,TOT,PC_PA,A,1979,15.30684,
10819,IRL,LTINT,TOT,PC_PA,A,1980,15.59895,
10820,IRL,LTINT,TOT,PC_PA,A,1981,17.54469,
10821,IRL,LTINT,TOT,PC_PA,A,1982,17.33132,
10822,IRL,LTINT,TOT,PC_PA,A,1983,14.12737,
10823,IRL,LTINT,TOT,PC_PA,A,1984,14.84707,
10824,IRL,LTINT,TOT,PC_PA,A,1985,12.98515,
10825,IRL,LTINT,TOT,PC_PA,A,1986,11.40265,
10826,IRL,LTINT,TOT,PC_PA,A,1987,11.43991,
10827,IRL,LTINT,TOT,PC_PA,A,1988,9.511101,
10828,IRL,LTINT,TOT,PC_PA,A,1989,9.317204,
10829,IRL,LTINT,TOT,PC_PA,A,1990,10.4391,
10830,IRL,LTINT,TOT,PC_PA,A,1991,9.524648,
10831,IRL,LTINT,TOT,PC_PA,A,1992,9.466225,
10832,IRL,LTINT,TOT,PC_PA,A,1993,7.700833,
10833,IRL,LTINT,TOT,PC_PA,A,1994,7.920833,
10834,IRL,LTINT,TOT,PC_PA,A,1995,8.255,
10835,IRL,LTINT,TOT,PC_PA,A,1996,7.289166,
10836,IRL,LTINT,TOT,PC_PA,A,1997,6.293334,
10837,IRL,LTINT,TOT,PC_PA,A,1998,4.796667,
10838,IRL,LTINT,TOT,PC_PA,A,1999,4.710834,
10839,IRL,LTINT,TOT,PC_PA,A,2000,5.5125,
10840,IRL,LTINT,TOT,PC_PA,A,2001,5.011667,
10841,IRL,LTINT,TOT,PC_PA,A,2002,5.01,
10842,IRL,LTINT,TOT,PC_PA,A,2003,4.1325,
10843,IRL,LTINT,TOT,PC_PA,A,2004,4.076667,
10844,IRL,LTINT,TOT,PC_PA,A,2005,3.329167,
10845,IRL,LTINT,TOT,PC_PA,A,2006,3.765,
10846,IRL,LTINT,TOT,PC_PA,A,2007,4.305833,
10847,IRL,LTINT,TOT,PC_PA,A,2008,4.525833,
10848,IRL,LTINT,TOT,PC_PA,A,2009,5.225,
10849,IRL,LTINT,TOT,PC_PA,A,2010,5.739167,
10850,IRL,LTINT,TOT,PC_PA,A,2011,9.601666,
10851,IRL,LTINT,TOT,PC_PA,A,2012,6.171667,
10852,IRL,LTINT,TOT,PC_PA,A,2013,3.79,
10853,IRL,LTINT,TOT,PC_PA,A,2014,2.3675,
10854,IRL,LTINT,TOT,PC_PA,A,2015,1.1825,
10855,IRL,LTINT,TOT,PC_PA,A,2016,0.7358333,
10856,IRL,LTINT,TOT,PC_PA,A,2017,0.8016667,
10857,IRL,LTINT,TOT,PC_PA,A,2018,0.9513333,
10858,IRL,LTINT,TOT,PC_PA,A,2019,0.3322,
10859,IRL,LTINT,TOT,PC_PA,A,2020,-0.06046667,
10860,IRL,LTINT,TOT,PC_PA,A,2021,0.06315833,
10861,IRL,LTINT,TOT,PC_PA,A,2022,1.745617,
11656,DNK,LTINT,TOT,PC_PA,A,1987,11.28435,
11657,DNK,LTINT,TOT,PC_PA,A,1988,9.883703,
11658,DNK,LTINT,TOT,PC_PA,A,1989,9.706354,
11659,DNK,LTINT,TOT,PC_PA,A,1990,10.62874,
11660,DNK,LTINT,TOT,PC_PA,A,1991,9.262481,
11661,DNK,LTINT,TOT,PC_PA,A,1992,8.987465,
11662,DNK,LTINT,TOT,PC_PA,A,1993,7.30375,
11663,DNK,LTINT,TOT,PC_PA,A,1994,7.825333,
11664,DNK,LTINT,TOT,PC_PA,A,1995,8.268583,
11665,DNK,LTINT,TOT,PC_PA,A,1996,7.193083,
11666,DNK,LTINT,TOT,PC_PA,A,1997,6.252584,
11667,DNK,LTINT,TOT,PC_PA,A,1998,4.937583,
11668,DNK,LTINT,TOT,PC_PA,A,1999,4.909,
11669,DNK,LTINT,TOT,PC_PA,A,2000,5.641833,
11670,DNK,LTINT,TOT,PC_PA,A,2001,5.079167,
11671,DNK,LTINT,TOT,PC_PA,A,2002,5.055917,
11672,DNK,LTINT,TOT,PC_PA,A,2003,4.30775,
11673,DNK,LTINT,TOT,PC_PA,A,2004,4.304584,
11674,DNK,LTINT,TOT,PC_PA,A,2005,3.40375,
11675,DNK,LTINT,TOT,PC_PA,A,2006,3.812,
11676,DNK,LTINT,TOT,PC_PA,A,2007,4.286417,
11677,DNK,LTINT,TOT,PC_PA,A,2008,4.284333,
11678,DNK,LTINT,TOT,PC_PA,A,2009,3.586333,
11679,DNK,LTINT,TOT,PC_PA,A,2010,2.926083,
11680,DNK,LTINT,TOT,PC_PA,A,2011,2.72925,
11681,DNK,LTINT,TOT,PC_PA,A,2012,1.403417,
11682,DNK,LTINT,TOT,PC_PA,A,2013,1.745,
11683,DNK,LTINT,TOT,PC_PA,A,2014,1.324833,
11684,DNK,LTINT,TOT,PC_PA,A,2015,0.6905,
11685,DNK,LTINT,TOT,PC_PA,A,2016,0.3203333,
11686,DNK,LTINT,TOT,PC_PA,A,2017,0.4764167,
11687,DNK,LTINT,TOT,PC_PA,A,2018,0.4548333,
11688,DNK,LTINT,TOT,PC_PA,A,2019,-0.1834167,
11689,DNK,LTINT,TOT,PC_PA,A,2020,-0.35925,
11690,DNK,LTINT,TOT,PC_PA,A,2021,-0.06083333,
11691,DNK,LTINT,TOT,PC_PA,A,2022,1.47775,
11692,CZE,LTINT,TOT,PC_PA,A,2001,6.314167,
11693,CZE,LTINT,TOT,PC_PA,A,2002,4.876667,
11694,CZE,LTINT,TOT,PC_PA,A,2003,4.115833,
11695,CZE,LTINT,TOT,PC_PA,A,2004,4.820833,
11696,CZE,LTINT,TOT,PC_PA,A,2005,3.5425,
11697,CZE,LTINT,TOT,PC_PA,A,2006,3.8,
11698,CZE,LTINT,TOT,PC_PA,A,2007,4.3025,
11699,CZE,LTINT,TOT,PC_PA,A,2008,4.633333,
11700,CZE,LTINT,TOT,PC_PA,A,2009,4.8375,
11701,CZE,LTINT,TOT,PC_PA,A,2010,3.884167,
11702,CZE,LTINT,TOT,PC_PA,A,2011,3.7075,
11703,CZE,LTINT,TOT,PC_PA,A,2012,2.781667,
11704,CZE,LTINT,TOT,PC_PA,A,2013,2.111667,
11705,CZE,LTINT,TOT,PC_PA,A,2014,1.575833,
11706,CZE,LTINT,TOT,PC_PA,A,2015,0.575,
11707,CZE,LTINT,TOT,PC_PA,A,2016,0.4275,
11708,CZE,LTINT,TOT,PC_PA,A,2017,0.9808334,
11709,CZE,LTINT,TOT,PC_PA,A,2018,1.981667,
11710,CZE,LTINT,TOT,PC_PA,A,2019,1.548333,
11711,CZE,LTINT,TOT,PC_PA,A,2020,1.128333,
11712,CZE,LTINT,TOT,PC_PA,A,2021,1.904167,
11713,CZE,LTINT,TOT,PC_PA,A,2022,4.3325,
11850,LUX,LTINT,TOT,PC_PA,A,1994,7.150583,
11851,LUX,LTINT,TOT,PC_PA,A,1995,7.230333,
11852,LUX,LTINT,TOT,PC_PA,A,1996,6.32075,
11853,LUX,LTINT,TOT,PC_PA,A,1997,5.597917,
11854,LUX,LTINT,TOT,PC_PA,A,1998,4.727667,
11855,LUX,LTINT,TOT,PC_PA,A,1999,4.66375,
11856,LUX,LTINT,TOT,PC_PA,A,2000,5.518167,
11857,LUX,LTINT,TOT,PC_PA,A,2001,4.859,
11858,LUX,LTINT,TOT,PC_PA,A,2002,4.703166,
11859,LUX,LTINT,TOT,PC_PA,A,2003,3.316,
11860,LUX,LTINT,TOT,PC_PA,A,2004,2.843417,
11861,LUX,LTINT,TOT,PC_PA,A,2005,2.412667,
11862,LUX,LTINT,TOT,PC_PA,A,2006,3.303667,
11863,LUX,LTINT,TOT,PC_PA,A,2007,4.461083,
11864,LUX,LTINT,TOT,PC_PA,A,2008,4.608167,
11865,LUX,LTINT,TOT,PC_PA,A,2009,4.22875,
11866,LUX,LTINT,TOT,PC_PA,A,2010,3.169167,
11867,LUX,LTINT,TOT,PC_PA,A,2011,2.923333,
11868,LUX,LTINT,TOT,PC_PA,A,2012,1.821,
11869,LUX,LTINT,TOT,PC_PA,A,2013,1.850917,
11870,LUX,LTINT,TOT,PC_PA,A,2014,1.336833,
11871,LUX,LTINT,TOT,PC_PA,A,2015,0.36875,
11872,LUX,LTINT,TOT,PC_PA,A,2016,0.25425,
11873,LUX,LTINT,TOT,PC_PA,A,2017,0.5448334,
11874,LUX,LTINT,TOT,PC_PA,A,2018,0.5646667,
11875,LUX,LTINT,TOT,PC_PA,A,2019,-0.1205833,
11876,LUX,LTINT,TOT,PC_PA,A,2020,-0.4135833,
11877,LUX,LTINT,TOT,PC_PA,A,2021,-0.3565833,
11878,LUX,LTINT,TOT,PC_PA,A,2022,1.7275,
12718,RUS,LTINT,TOT,PC_PA,A,1999,87.37583,
12719,RUS,LTINT,TOT,PC_PA,A,2000,35.16333,
12720,RUS,LTINT,TOT,PC_PA,A,2001,19.38333,
12721,RUS,LTINT,TOT,PC_PA,A,2002,15.82417,
12722,RUS,LTINT,TOT,PC_PA,A,2003,9.115,
12723,RUS,LTINT,TOT,PC_PA,A,2004,8.289166,
12724,RUS,LTINT,TOT,PC_PA,A,2005,8.1075,
12725,RUS,LTINT,TOT,PC_PA,A,2006,6.976666,
12726,RUS,LTINT,TOT,PC_PA,A,2007,6.7175,
12727,RUS,LTINT,TOT,PC_PA,A,2008,7.523334,
12728,RUS,LTINT,TOT,PC_PA,A,2009,9.874166,
12729,RUS,LTINT,TOT,PC_PA,A,2010,7.831666,
12730,RUS,LTINT,TOT,PC_PA,A,2011,8.060833,
12731,RUS,LTINT,TOT,PC_PA,A,2012,8.154166,
12732,RUS,LTINT,TOT,PC_PA,A,2013,7.330833,
12733,RUS,LTINT,TOT,PC_PA,A,2014,8.464167,
12734,RUS,LTINT,TOT,PC_PA,A,2015,10.88667,
12735,RUS,LTINT,TOT,PC_PA,A,2016,10.43833,
12736,RUS,LTINT,TOT,PC_PA,A,2017,8.9925,
13341,SWE,LTINT,TOT,PC_PA,A,1987,11.68,
13342,SWE,LTINT,TOT,PC_PA,A,1988,11.35167,
13343,SWE,LTINT,TOT,PC_PA,A,1989,11.18,
13344,SWE,LTINT,TOT,PC_PA,A,1990,13.15917,
13345,SWE,LTINT,TOT,PC_PA,A,1991,10.69083,
13346,SWE,LTINT,TOT,PC_PA,A,1992,10.01667,
13347,SWE,LTINT,TOT,PC_PA,A,1993,8.539166,B
13348,SWE,LTINT,TOT,PC_PA,A,1994,9.495,B
13349,SWE,LTINT,TOT,PC_PA,A,1995,10.24417,
13350,SWE,LTINT,TOT,PC_PA,A,1996,8.026667,
13351,SWE,LTINT,TOT,PC_PA,A,1997,6.614167,
13352,SWE,LTINT,TOT,PC_PA,A,1998,4.989167,
13353,SWE,LTINT,TOT,PC_PA,A,1999,4.98,
13354,SWE,LTINT,TOT,PC_PA,A,2000,5.3675,
13355,SWE,LTINT,TOT,PC_PA,A,2001,5.1075,
13356,SWE,LTINT,TOT,PC_PA,A,2002,5.303333,
13357,SWE,LTINT,TOT,PC_PA,A,2003,4.638333,
13358,SWE,LTINT,TOT,PC_PA,A,2004,4.425,
13359,SWE,LTINT,TOT,PC_PA,A,2005,3.3825,
13360,SWE,LTINT,TOT,PC_PA,A,2006,3.704167,
13361,SWE,LTINT,TOT,PC_PA,A,2007,4.1675,
13362,SWE,LTINT,TOT,PC_PA,A,2008,3.8875,
13363,SWE,LTINT,TOT,PC_PA,A,2009,3.25,
13364,SWE,LTINT,TOT,PC_PA,A,2010,2.893333,
13365,SWE,LTINT,TOT,PC_PA,A,2011,2.605,
13366,SWE,LTINT,TOT,PC_PA,A,2012,1.5925,
13367,SWE,LTINT,TOT,PC_PA,A,2013,2.120833,
13368,SWE,LTINT,TOT,PC_PA,A,2014,1.72,
13369,SWE,LTINT,TOT,PC_PA,A,2015,0.7191667,
13370,SWE,LTINT,TOT,PC_PA,A,2016,0.5191666,
13371,SWE,LTINT,TOT,PC_PA,A,2017,0.655,
13372,SWE,LTINT,TOT,PC_PA,A,2018,0.6516666,
13373,SWE,LTINT,TOT,PC_PA,A,2019,0.04666667,
13374,SWE,LTINT,TOT,PC_PA,A,2020,-0.03833333,
13375,SWE,LTINT,TOT,PC_PA,A,2021,0.2683333,
13376,SWE,LTINT,TOT,PC_PA,A,2022,1.524167,
13377,FRA,LTINT,TOT,PC_PA,A,1960,5.663333,
13378,FRA,LTINT,TOT,PC_PA,A,1961,5.519166,
13379,FRA,LTINT,TOT,PC_PA,A,1962,5.434166,
13380,FRA,LTINT,TOT,PC_PA,A,1963,5.338333,
13381,FRA,LTINT,TOT,PC_PA,A,1964,5.449167,
13382,FRA,LTINT,TOT,PC_PA,A,1965,6.2025,
13383,FRA,LTINT,TOT,PC_PA,A,1966,6.579167,
13384,FRA,LTINT,TOT,PC_PA,A,1967,6.706666,
13385,FRA,LTINT,TOT,PC_PA,A,1968,6.950833,B
13386,FRA,LTINT,TOT,PC_PA,A,1969,8.1775,
13387,FRA,LTINT,TOT,PC_PA,A,1970,8.550834,
13388,FRA,LTINT,TOT,PC_PA,A,1971,8.421667,
13389,FRA,LTINT,TOT,PC_PA,A,1972,8.013333,
13390,FRA,LTINT,TOT,PC_PA,A,1973,8.998333,
13391,FRA,LTINT,TOT,PC_PA,A,1974,11.0025,
13392,FRA,LTINT,TOT,PC_PA,A,1975,10.31167,
13393,FRA,LTINT,TOT,PC_PA,A,1976,10.51,
13394,FRA,LTINT,TOT,PC_PA,A,1977,10.99167,
13395,FRA,LTINT,TOT,PC_PA,A,1978,10.61167,
13396,FRA,LTINT,TOT,PC_PA,A,1979,10.8475,
13397,FRA,LTINT,TOT,PC_PA,A,1980,13.78417,
13398,FRA,LTINT,TOT,PC_PA,A,1981,16.29167,
13399,FRA,LTINT,TOT,PC_PA,A,1982,15.9975,
13400,FRA,LTINT,TOT,PC_PA,A,1983,14.36833,
13401,FRA,LTINT,TOT,PC_PA,A,1984,13.40417,
13402,FRA,LTINT,TOT,PC_PA,A,1985,11.86667,
13403,FRA,LTINT,TOT,PC_PA,A,1986,9.119166,B
13404,FRA,LTINT,TOT,PC_PA,A,1987,9.478633,
13405,FRA,LTINT,TOT,PC_PA,A,1988,9.08405,
13406,FRA,LTINT,TOT,PC_PA,A,1989,8.796059,
13407,FRA,LTINT,TOT,PC_PA,A,1990,9.932117,
13408,FRA,LTINT,TOT,PC_PA,A,1991,9.038342,
13409,FRA,LTINT,TOT,PC_PA,A,1992,8.587875,
13410,FRA,LTINT,TOT,PC_PA,A,1993,6.775,
13411,FRA,LTINT,TOT,PC_PA,A,1994,7.213792,
13412,FRA,LTINT,TOT,PC_PA,A,1995,7.534975,
13413,FRA,LTINT,TOT,PC_PA,A,1996,6.312142,
13414,FRA,LTINT,TOT,PC_PA,A,1997,5.582509,
13415,FRA,LTINT,TOT,PC_PA,A,1998,4.640208,
13416,FRA,LTINT,TOT,PC_PA,A,1999,4.608783,
13417,FRA,LTINT,TOT,PC_PA,A,2000,5.394467,
13418,FRA,LTINT,TOT,PC_PA,A,2001,4.939458,
13419,FRA,LTINT,TOT,PC_PA,A,2002,4.861217,
13420,FRA,LTINT,TOT,PC_PA,A,2003,4.130892,
13421,FRA,LTINT,TOT,PC_PA,A,2004,4.099167,
13422,FRA,LTINT,TOT,PC_PA,A,2005,3.409442,
13423,FRA,LTINT,TOT,PC_PA,A,2006,3.795742,
13424,FRA,LTINT,TOT,PC_PA,A,2007,4.3032,
13425,FRA,LTINT,TOT,PC_PA,A,2008,4.234325,
13426,FRA,LTINT,TOT,PC_PA,A,2009,3.648817,
13427,FRA,LTINT,TOT,PC_PA,A,2010,3.117017,
13428,FRA,LTINT,TOT,PC_PA,A,2011,3.321058,
13429,FRA,LTINT,TOT,PC_PA,A,2012,2.535992,
13430,FRA,LTINT,TOT,PC_PA,A,2013,2.20435,
13431,FRA,LTINT,TOT,PC_PA,A,2014,1.666442,
13432,FRA,LTINT,TOT,PC_PA,A,2015,0.8418583,
13433,FRA,LTINT,TOT,PC_PA,A,2016,0.4678833,
13434,FRA,LTINT,TOT,PC_PA,A,2017,0.8098583,
13435,FRA,LTINT,TOT,PC_PA,A,2018,0.7841083,
13436,FRA,LTINT,TOT,PC_PA,A,2019,0.1302,
13437,FRA,LTINT,TOT,PC_PA,A,2020,-0.1452667,
13438,FRA,LTINT,TOT,PC_PA,A,2021,0.007366667,
13439,FRA,LTINT,TOT,PC_PA,A,2022,1.700833,
14910,ISR,LTINT,TOT,PC_PA,A,1997,4.065,
14911,ISR,LTINT,TOT,PC_PA,A,1998,4.925,
14912,ISR,LTINT,TOT,PC_PA,A,1999,5.199167,
14913,ISR,LTINT,TOT,PC_PA,A,2000,5.475833,
14914,ISR,LTINT,TOT,PC_PA,A,2001,6.42648,
14915,ISR,LTINT,TOT,PC_PA,A,2002,9.233088,
14916,ISR,LTINT,TOT,PC_PA,A,2003,8.884284,
14917,ISR,LTINT,TOT,PC_PA,A,2004,7.561666,
14918,ISR,LTINT,TOT,PC_PA,A,2005,6.361667,
14919,ISR,LTINT,TOT,PC_PA,A,2006,6.314167,
14920,ISR,LTINT,TOT,PC_PA,A,2007,5.554167,
14921,ISR,LTINT,TOT,PC_PA,A,2008,5.923333,
14922,ISR,LTINT,TOT,PC_PA,A,2009,5.063334,
14923,ISR,LTINT,TOT,PC_PA,A,2010,4.684166,
14924,ISR,LTINT,TOT,PC_PA,A,2011,4.98,
14925,ISR,LTINT,TOT,PC_PA,A,2012,4.399167,
14926,ISR,LTINT,TOT,PC_PA,A,2013,3.795833,
14927,ISR,LTINT,TOT,PC_PA,A,2014,2.885833,
14928,ISR,LTINT,TOT,PC_PA,A,2015,2.07,
14929,ISR,LTINT,TOT,PC_PA,A,2016,1.879167,
14930,ISR,LTINT,TOT,PC_PA,A,2017,1.909167,
14931,ISR,LTINT,TOT,PC_PA,A,2018,1.994167,
14932,ISR,LTINT,TOT,PC_PA,A,2019,1.468333,
14933,ISR,LTINT,TOT,PC_PA,A,2020,0.7775,
14934,ISR,LTINT,TOT,PC_PA,A,2021,1.116667,
14935,ISR,LTINT,TOT,PC_PA,A,2022,2.619167,
14936,CAN,LTINT,TOT,PC_PA,A,1955,3.189167,
14937,CAN,LTINT,TOT,PC_PA,A,1956,3.605833,
14938,CAN,LTINT,TOT,PC_PA,A,1957,4.125,
14939,CAN,LTINT,TOT,PC_PA,A,1958,4.115833,
14940,CAN,LTINT,TOT,PC_PA,A,1959,5.048333,
14941,CAN,LTINT,TOT,PC_PA,A,1960,5.188334,
14942,CAN,LTINT,TOT,PC_PA,A,1961,5.058333,
14943,CAN,LTINT,TOT,PC_PA,A,1962,5.099167,
14944,CAN,LTINT,TOT,PC_PA,A,1963,5.090833,
14945,CAN,LTINT,TOT,PC_PA,A,1964,5.184166,
14946,CAN,LTINT,TOT,PC_PA,A,1965,5.199167,
14947,CAN,LTINT,TOT,PC_PA,A,1966,5.685,
14948,CAN,LTINT,TOT,PC_PA,A,1967,5.898334,
14949,CAN,LTINT,TOT,PC_PA,A,1968,6.725,
14950,CAN,LTINT,TOT,PC_PA,A,1969,7.558333,
14951,CAN,LTINT,TOT,PC_PA,A,1970,7.965833,
14952,CAN,LTINT,TOT,PC_PA,A,1971,6.945,
14953,CAN,LTINT,TOT,PC_PA,A,1972,7.225,
14954,CAN,LTINT,TOT,PC_PA,A,1973,7.528333,
14955,CAN,LTINT,TOT,PC_PA,A,1974,8.87,
14956,CAN,LTINT,TOT,PC_PA,A,1975,8.993333,
14957,CAN,LTINT,TOT,PC_PA,A,1976,9.229167,
14958,CAN,LTINT,TOT,PC_PA,A,1977,8.693334,
14959,CAN,LTINT,TOT,PC_PA,A,1978,9.235833,
14960,CAN,LTINT,TOT,PC_PA,A,1979,10.17917,
14961,CAN,LTINT,TOT,PC_PA,A,1980,12.33833,
14962,CAN,LTINT,TOT,PC_PA,A,1981,14.98917,
14963,CAN,LTINT,TOT,PC_PA,A,1982,14.43533,B
14964,CAN,LTINT,TOT,PC_PA,A,1983,11.39858,
14965,CAN,LTINT,TOT,PC_PA,A,1984,12.71004,
14966,CAN,LTINT,TOT,PC_PA,A,1985,10.91183,
14967,CAN,LTINT,TOT,PC_PA,A,1986,9.145541,
14968,CAN,LTINT,TOT,PC_PA,A,1987,9.470708,
14969,CAN,LTINT,TOT,PC_PA,A,1988,9.830916,
14970,CAN,LTINT,TOT,PC_PA,A,1989,9.782253,
14971,CAN,LTINT,TOT,PC_PA,A,1990,10.72708,
14972,CAN,LTINT,TOT,PC_PA,A,1991,9.455926,
14973,CAN,LTINT,TOT,PC_PA,A,1992,8.061233,
14974,CAN,LTINT,TOT,PC_PA,A,1993,7.24507,
14975,CAN,LTINT,TOT,PC_PA,A,1994,8.364868,
14976,CAN,LTINT,TOT,PC_PA,A,1995,8.161792,
14977,CAN,LTINT,TOT,PC_PA,A,1996,7.229915,
14978,CAN,LTINT,TOT,PC_PA,A,1997,6.143073,
14979,CAN,LTINT,TOT,PC_PA,A,1998,5.279053,
14980,CAN,LTINT,TOT,PC_PA,A,1999,5.541102,
14981,CAN,LTINT,TOT,PC_PA,A,2000,5.925412,
14982,CAN,LTINT,TOT,PC_PA,A,2001,5.480272,
14983,CAN,LTINT,TOT,PC_PA,A,2002,5.290907,
14984,CAN,LTINT,TOT,PC_PA,A,2003,4.810544,
14985,CAN,LTINT,TOT,PC_PA,A,2004,4.579607,
14986,CAN,LTINT,TOT,PC_PA,A,2005,4.066929,
14987,CAN,LTINT,TOT,PC_PA,A,2006,4.20776,
14988,CAN,LTINT,TOT,PC_PA,A,2007,4.269767,
14989,CAN,LTINT,TOT,PC_PA,A,2008,3.605302,
14990,CAN,LTINT,TOT,PC_PA,A,2009,3.230619,
14991,CAN,LTINT,TOT,PC_PA,A,2010,3.23514,
14992,CAN,LTINT,TOT,PC_PA,A,2011,2.783036,
14993,CAN,LTINT,TOT,PC_PA,A,2012,1.87341,
14994,CAN,LTINT,TOT,PC_PA,A,2013,2.261959,
14995,CAN,LTINT,TOT,PC_PA,A,2014,2.23083,
14996,CAN,LTINT,TOT,PC_PA,A,2015,1.521695,
14997,CAN,LTINT,TOT,PC_PA,A,2016,1.251758,
14998,CAN,LTINT,TOT,PC_PA,A,2017,1.783652,
14999,CAN,LTINT,TOT,PC_PA,A,2018,2.277912,
15000,CAN,LTINT,TOT,PC_PA,A,2019,1.588883,
15001,CAN,LTINT,TOT,PC_PA,A,2020,0.7531087,
15002,CAN,LTINT,TOT,PC_PA,A,2021,1.358811,
15003,CAN,LTINT,TOT,PC_PA,A,2022,2.768579,
16631,ISL,LTINT,TOT,PC_PA,A,1994,6.978333,
16632,ISL,LTINT,TOT,PC_PA,A,1995,9.651667,
16633,ISL,LTINT,TOT,PC_PA,A,1996,9.24,
16634,ISL,LTINT,TOT,PC_PA,A,1997,8.705833,
16635,ISL,LTINT,TOT,PC_PA,A,1998,7.664166,
16636,ISL,LTINT,TOT,PC_PA,A,1999,8.47,
16637,ISL,LTINT,TOT,PC_PA,A,2000,11.195,
16638,ISL,LTINT,TOT,PC_PA,A,2001,10.35917,
16639,ISL,LTINT,TOT,PC_PA,A,2002,7.959742,
16640,ISL,LTINT,TOT,PC_PA,A,2003,6.652117,
16641,ISL,LTINT,TOT,PC_PA,A,2004,7.491667,
16642,ISL,LTINT,TOT,PC_PA,A,2005,8.636942,
16643,ISL,LTINT,TOT,PC_PA,A,2006,8.830566,
16644,ISL,LTINT,TOT,PC_PA,A,2007,9.419559,
16645,ISL,LTINT,TOT,PC_PA,A,2008,11.06824,
16646,ISL,LTINT,TOT,PC_PA,A,2009,8.256277,
16647,ISL,LTINT,TOT,PC_PA,A,2010,6.085834,
16648,ISL,LTINT,TOT,PC_PA,A,2011,5.978333,
16649,ISL,LTINT,TOT,PC_PA,A,2012,6.194167,
16650,ISL,LTINT,TOT,PC_PA,A,2013,5.789166,
16651,ISL,LTINT,TOT,PC_PA,A,2014,6.373333,
16652,ISL,LTINT,TOT,PC_PA,A,2015,6.259167,
16653,ISL,LTINT,TOT,PC_PA,A,2016,5.603333,
16654,ISL,LTINT,TOT,PC_PA,A,2017,4.858333,
16655,ISL,LTINT,TOT,PC_PA,A,2018,5.330833,
16656,ISL,LTINT,TOT,PC_PA,A,2019,3.974167,
16657,ISL,LTINT,TOT,PC_PA,A,2020,2.466667,
16658,ISL,LTINT,TOT,PC_PA,A,2021,3.3875,
18063,NLD,LTINT,TOT,PC_PA,A,1959,4.398334,
18064,NLD,LTINT,TOT,PC_PA,A,1960,4.455,
18065,NLD,LTINT,TOT,PC_PA,A,1961,4.179167,
18066,NLD,LTINT,TOT,PC_PA,A,1962,4.235833,
18067,NLD,LTINT,TOT,PC_PA,A,1963,4.309166,
18068,NLD,LTINT,TOT,PC_PA,A,1964,5.089167,
18069,NLD,LTINT,TOT,PC_PA,A,1965,5.500834,
18070,NLD,LTINT,TOT,PC_PA,A,1966,6.583333,
18071,NLD,LTINT,TOT,PC_PA,A,1967,6.424167,
18072,NLD,LTINT,TOT,PC_PA,A,1968,6.519166,
18073,NLD,LTINT,TOT,PC_PA,A,1969,7.473333,
18074,NLD,LTINT,TOT,PC_PA,A,1970,8.010834,
18075,NLD,LTINT,TOT,PC_PA,A,1971,7.625834,
18076,NLD,LTINT,TOT,PC_PA,A,1972,7.354167,
18077,NLD,LTINT,TOT,PC_PA,A,1973,7.916667,
18078,NLD,LTINT,TOT,PC_PA,A,1974,9.824166,
18079,NLD,LTINT,TOT,PC_PA,A,1975,8.786667,
18080,NLD,LTINT,TOT,PC_PA,A,1976,8.9525,
18081,NLD,LTINT,TOT,PC_PA,A,1977,8.100833,
18082,NLD,LTINT,TOT,PC_PA,A,1978,7.735833,
18083,NLD,LTINT,TOT,PC_PA,A,1979,8.775,
18084,NLD,LTINT,TOT,PC_PA,A,1980,10.20833,
18085,NLD,LTINT,TOT,PC_PA,A,1981,11.5525,
18086,NLD,LTINT,TOT,PC_PA,A,1982,10.0975,
18087,NLD,LTINT,TOT,PC_PA,A,1983,8.610833,
18088,NLD,LTINT,TOT,PC_PA,A,1984,8.328333,
18089,NLD,LTINT,TOT,PC_PA,A,1985,7.3275,
18090,NLD,LTINT,TOT,PC_PA,A,1986,6.3175,
18091,NLD,LTINT,TOT,PC_PA,A,1987,6.4025,
18092,NLD,LTINT,TOT,PC_PA,A,1988,6.415833,
18093,NLD,LTINT,TOT,PC_PA,A,1989,7.218333,
18094,NLD,LTINT,TOT,PC_PA,A,1990,8.920834,
18095,NLD,LTINT,TOT,PC_PA,A,1991,8.739166,
18096,NLD,LTINT,TOT,PC_PA,A,1992,8.1025,
18097,NLD,LTINT,TOT,PC_PA,A,1993,6.359083,
18098,NLD,LTINT,TOT,PC_PA,A,1994,6.86325,
18099,NLD,LTINT,TOT,PC_PA,A,1995,6.899667,
18100,NLD,LTINT,TOT,PC_PA,A,1996,6.149917,
18101,NLD,LTINT,TOT,PC_PA,A,1997,5.577167,
18102,NLD,LTINT,TOT,PC_PA,A,1998,4.631667,
18103,NLD,LTINT,TOT,PC_PA,A,1999,4.6285,
18104,NLD,LTINT,TOT,PC_PA,A,2000,5.403333,
18105,NLD,LTINT,TOT,PC_PA,A,2001,4.957,
18106,NLD,LTINT,TOT,PC_PA,A,2002,4.89025,
18107,NLD,LTINT,TOT,PC_PA,A,2003,4.123167,
18108,NLD,LTINT,TOT,PC_PA,A,2004,4.095,
18109,NLD,LTINT,TOT,PC_PA,A,2005,3.373917,
18110,NLD,LTINT,TOT,PC_PA,A,2006,3.781667,
18111,NLD,LTINT,TOT,PC_PA,A,2007,4.28775,
18112,NLD,LTINT,TOT,PC_PA,A,2008,4.22775,
18113,NLD,LTINT,TOT,PC_PA,A,2009,3.686833,
18114,NLD,LTINT,TOT,PC_PA,A,2010,2.990083,
18115,NLD,LTINT,TOT,PC_PA,A,2011,2.988583,
18116,NLD,LTINT,TOT,PC_PA,A,2012,1.93225,
18117,NLD,LTINT,TOT,PC_PA,A,2013,1.960583,
18118,NLD,LTINT,TOT,PC_PA,A,2014,1.454667,
18119,NLD,LTINT,TOT,PC_PA,A,2015,0.6903333,
18120,NLD,LTINT,TOT,PC_PA,A,2016,0.2910833,
18121,NLD,LTINT,TOT,PC_PA,A,2017,0.5220833,
18122,NLD,LTINT,TOT,PC_PA,A,2018,0.5769167,
18123,NLD,LTINT,TOT,PC_PA,A,2019,-0.07016667,
18124,NLD,LTINT,TOT,PC_PA,A,2020,-0.37675,
18125,NLD,LTINT,TOT,PC_PA,A,2021,-0.3280833,
18126,NLD,LTINT,TOT,PC_PA,A,2022,1.377667,
18649,FIN,LTINT,TOT,PC_PA,A,1988,10.5575,
18650,FIN,LTINT,TOT,PC_PA,A,1989,12.08583,
18651,FIN,LTINT,TOT,PC_PA,A,1990,13.21,
18652,FIN,LTINT,TOT,PC_PA,A,1991,11.71167,
18653,FIN,LTINT,TOT,PC_PA,A,1992,11.9725,
18654,FIN,LTINT,TOT,PC_PA,A,1993,8.825,
18655,FIN,LTINT,TOT,PC_PA,A,1994,9.036667,
18656,FIN,LTINT,TOT,PC_PA,A,1995,8.791667,
18657,FIN,LTINT,TOT,PC_PA,A,1996,7.076667,
18658,FIN,LTINT,TOT,PC_PA,A,1997,5.9575,
18659,FIN,LTINT,TOT,PC_PA,A,1998,4.7875,
18660,FIN,LTINT,TOT,PC_PA,A,1999,4.7225,
18661,FIN,LTINT,TOT,PC_PA,A,2000,5.4825,
18662,FIN,LTINT,TOT,PC_PA,A,2001,5.043334,
18663,FIN,LTINT,TOT,PC_PA,A,2002,4.980834,
18664,FIN,LTINT,TOT,PC_PA,A,2003,4.135,
18665,FIN,LTINT,TOT,PC_PA,A,2004,4.109167,
18666,FIN,LTINT,TOT,PC_PA,A,2005,3.350833,
18667,FIN,LTINT,TOT,PC_PA,A,2006,3.7825,
18668,FIN,LTINT,TOT,PC_PA,A,2007,4.293334,
18669,FIN,LTINT,TOT,PC_PA,A,2008,4.29,
18670,FIN,LTINT,TOT,PC_PA,A,2009,3.738333,
18671,FIN,LTINT,TOT,PC_PA,A,2010,3.010833,
18672,FIN,LTINT,TOT,PC_PA,A,2011,3.005833,
18673,FIN,LTINT,TOT,PC_PA,A,2012,1.883333,
18674,FIN,LTINT,TOT,PC_PA,A,2013,1.860833,
18675,FIN,LTINT,TOT,PC_PA,A,2014,1.448333,
18676,FIN,LTINT,TOT,PC_PA,A,2015,0.7233334,
18677,FIN,LTINT,TOT,PC_PA,A,2016,0.365,
18678,FIN,LTINT,TOT,PC_PA,A,2017,0.5466667,
18679,FIN,LTINT,TOT,PC_PA,A,2018,0.6616667,
18680,FIN,LTINT,TOT,PC_PA,A,2019,0.07,
18681,FIN,LTINT,TOT,PC_PA,A,2020,-0.2191667,
18682,FIN,LTINT,TOT,PC_PA,A,2021,-0.09507604,
18683,FIN,LTINT,TOT,PC_PA,A,2022,1.680788,
19676,POL,LTINT,TOT,PC_PA,A,2001,10.68167,
19677,POL,LTINT,TOT,PC_PA,A,2002,7.355834,
19678,POL,LTINT,TOT,PC_PA,A,2003,5.7775,
19679,POL,LTINT,TOT,PC_PA,A,2004,6.896667,
19680,POL,LTINT,TOT,PC_PA,A,2005,5.218333,
19681,POL,LTINT,TOT,PC_PA,A,2006,5.231667,
19682,POL,LTINT,TOT,PC_PA,A,2007,5.484334,
19683,POL,LTINT,TOT,PC_PA,A,2008,6.071667,
19684,POL,LTINT,TOT,PC_PA,A,2009,6.120598,
19685,POL,LTINT,TOT,PC_PA,A,2010,5.781667,
19686,POL,LTINT,TOT,PC_PA,A,2011,5.955583,
19687,POL,LTINT,TOT,PC_PA,A,2012,4.999283,
19688,POL,LTINT,TOT,PC_PA,A,2013,4.033292,
19689,POL,LTINT,TOT,PC_PA,A,2014,3.516211,
19690,POL,LTINT,TOT,PC_PA,A,2015,2.700557,
19691,POL,LTINT,TOT,PC_PA,A,2016,3.035689,
19692,POL,LTINT,TOT,PC_PA,A,2017,3.42,
19693,POL,LTINT,TOT,PC_PA,A,2018,3.198333,
19694,POL,LTINT,TOT,PC_PA,A,2019,2.3475,
19695,POL,LTINT,TOT,PC_PA,A,2020,1.499167,
19696,POL,LTINT,TOT,PC_PA,A,2021,1.944167,
19697,POL,LTINT,TOT,PC_PA,A,2022,6.053333,
19698,GBR,LTINT,TOT,PC_PA,A,1960,5.855834,
19699,GBR,LTINT,TOT,PC_PA,A,1961,6.264167,
19700,GBR,LTINT,TOT,PC_PA,A,1962,5.764167,
19701,GBR,LTINT,TOT,PC_PA,A,1963,5.165833,
19702,GBR,LTINT,TOT,PC_PA,A,1964,5.7025,
19703,GBR,LTINT,TOT,PC_PA,A,1965,6.551667,
19704,GBR,LTINT,TOT,PC_PA,A,1966,6.866667,
19705,GBR,LTINT,TOT,PC_PA,A,1967,6.7,
19706,GBR,LTINT,TOT,PC_PA,A,1968,7.509167,
19707,GBR,LTINT,TOT,PC_PA,A,1969,8.83,
19708,GBR,LTINT,TOT,PC_PA,A,1970,8.634167,
19709,GBR,LTINT,TOT,PC_PA,A,1971,7.868333,
19710,GBR,LTINT,TOT,PC_PA,A,1972,8.375,
19711,GBR,LTINT,TOT,PC_PA,A,1973,10.55833,
19712,GBR,LTINT,TOT,PC_PA,A,1974,14.20667,
19713,GBR,LTINT,TOT,PC_PA,A,1975,13.18167,
19714,GBR,LTINT,TOT,PC_PA,A,1976,13.61,
19715,GBR,LTINT,TOT,PC_PA,A,1977,12.0275,
19716,GBR,LTINT,TOT,PC_PA,A,1978,12.065,
19717,GBR,LTINT,TOT,PC_PA,A,1979,12.94583,
19718,GBR,LTINT,TOT,PC_PA,A,1980,13.91333,
19719,GBR,LTINT,TOT,PC_PA,A,1981,14.88333,
19720,GBR,LTINT,TOT,PC_PA,A,1982,13.085,
19721,GBR,LTINT,TOT,PC_PA,A,1983,11.26833,
19722,GBR,LTINT,TOT,PC_PA,A,1984,11.1275,
19723,GBR,LTINT,TOT,PC_PA,A,1985,10.97,
19724,GBR,LTINT,TOT,PC_PA,A,1986,10.135,
19725,GBR,LTINT,TOT,PC_PA,A,1987,9.570833,
19726,GBR,LTINT,TOT,PC_PA,A,1988,9.675834,
19727,GBR,LTINT,TOT,PC_PA,A,1989,10.19083,
19728,GBR,LTINT,TOT,PC_PA,A,1990,11.8025,
19729,GBR,LTINT,TOT,PC_PA,A,1991,10.105,
19730,GBR,LTINT,TOT,PC_PA,A,1992,9.063334,
19731,GBR,LTINT,TOT,PC_PA,A,1993,7.479609,
19732,GBR,LTINT,TOT,PC_PA,A,1994,8.1221,
19733,GBR,LTINT,TOT,PC_PA,A,1995,8.200283,
19734,GBR,LTINT,TOT,PC_PA,A,1996,7.810184,
19735,GBR,LTINT,TOT,PC_PA,A,1997,7.052592,
19736,GBR,LTINT,TOT,PC_PA,A,1998,5.550958,
19737,GBR,LTINT,TOT,PC_PA,A,1999,5.093525,
19738,GBR,LTINT,TOT,PC_PA,A,2000,5.328975,
19739,GBR,LTINT,TOT,PC_PA,A,2001,4.9295,
19740,GBR,LTINT,TOT,PC_PA,A,2002,4.894242,
19741,GBR,LTINT,TOT,PC_PA,A,2003,4.526592,
19742,GBR,LTINT,TOT,PC_PA,A,2004,4.882267,
19743,GBR,LTINT,TOT,PC_PA,A,2005,4.413892,
19744,GBR,LTINT,TOT,PC_PA,A,2006,4.501675,
19745,GBR,LTINT,TOT,PC_PA,A,2007,5.011275,
19746,GBR,LTINT,TOT,PC_PA,A,2008,4.590725,
19747,GBR,LTINT,TOT,PC_PA,A,2009,3.647517,
19748,GBR,LTINT,TOT,PC_PA,A,2010,3.624425,
19749,GBR,LTINT,TOT,PC_PA,A,2011,3.135992,
19750,GBR,LTINT,TOT,PC_PA,A,2012,1.918042,
19751,GBR,LTINT,TOT,PC_PA,A,2013,2.389783,
19752,GBR,LTINT,TOT,PC_PA,A,2014,2.569083,
19753,GBR,LTINT,TOT,PC_PA,A,2015,1.901033,
19754,GBR,LTINT,TOT,PC_PA,A,2016,1.305208,
19755,GBR,LTINT,TOT,PC_PA,A,2017,1.235808,
19756,GBR,LTINT,TOT,PC_PA,A,2018,1.460658,
19757,GBR,LTINT,TOT,PC_PA,A,2019,0.935825,
19758,GBR,LTINT,TOT,PC_PA,A,2020,0.3744417,
19759,GBR,LTINT,TOT,PC_PA,A,2021,0.7876083,
19760,GBR,LTINT,TOT,PC_PA,A,2022,2.447292,
20515,AUT,LTINT,TOT,PC_PA,A,1990,8.7275,
20516,AUT,LTINT,TOT,PC_PA,A,1991,8.546667,
20517,AUT,LTINT,TOT,PC_PA,A,1992,8.139167,
20518,AUT,LTINT,TOT,PC_PA,A,1993,6.704325,
20519,AUT,LTINT,TOT,PC_PA,A,1994,7.025466,
20520,AUT,LTINT,TOT,PC_PA,A,1995,7.135075,
20521,AUT,LTINT,TOT,PC_PA,A,1996,6.321466,
20522,AUT,LTINT,TOT,PC_PA,A,1997,5.682842,
20523,AUT,LTINT,TOT,PC_PA,A,1998,4.7135,
20524,AUT,LTINT,TOT,PC_PA,A,1999,4.6809,
20525,AUT,LTINT,TOT,PC_PA,A,2000,5.5554,
20526,AUT,LTINT,TOT,PC_PA,A,2001,5.080167,
20527,AUT,LTINT,TOT,PC_PA,A,2002,4.9638,
20528,AUT,LTINT,TOT,PC_PA,A,2003,4.140867,
20529,AUT,LTINT,TOT,PC_PA,A,2004,4.130892,
20530,AUT,LTINT,TOT,PC_PA,A,2005,3.393733,
20531,AUT,LTINT,TOT,PC_PA,A,2006,3.800842,
20532,AUT,LTINT,TOT,PC_PA,A,2007,4.297083,
20533,AUT,LTINT,TOT,PC_PA,A,2008,4.358525,
20534,AUT,LTINT,TOT,PC_PA,A,2009,3.937633,
20535,AUT,LTINT,TOT,PC_PA,A,2010,3.226383,
20536,AUT,LTINT,TOT,PC_PA,A,2011,3.319658,
20537,AUT,LTINT,TOT,PC_PA,A,2012,2.371175,
20538,AUT,LTINT,TOT,PC_PA,A,2013,2.010758,
20539,AUT,LTINT,TOT,PC_PA,A,2014,1.487292,
20540,AUT,LTINT,TOT,PC_PA,A,2015,0.7470416,
20541,AUT,LTINT,TOT,PC_PA,A,2016,0.3753833,
20542,AUT,LTINT,TOT,PC_PA,A,2017,0.5832833,
20543,AUT,LTINT,TOT,PC_PA,A,2018,0.6861584,
20544,AUT,LTINT,TOT,PC_PA,A,2019,0.06293333,
20545,AUT,LTINT,TOT,PC_PA,A,2020,-0.22485,
20546,AUT,LTINT,TOT,PC_PA,A,2021,-0.08538333,
20547,AUT,LTINT,TOT,PC_PA,A,2022,1.71115,
21275,ESP,LTINT,TOT,PC_PA,A,1980,15.96083,
21276,ESP,LTINT,TOT,PC_PA,A,1981,15.81167,
21277,ESP,LTINT,TOT,PC_PA,A,1982,15.9875,
21278,ESP,LTINT,TOT,PC_PA,A,1983,16.90917,
21279,ESP,LTINT,TOT,PC_PA,A,1984,16.5225,
21280,ESP,LTINT,TOT,PC_PA,A,1985,13.3675,
21281,ESP,LTINT,TOT,PC_PA,A,1986,11.35417,
21282,ESP,LTINT,TOT,PC_PA,A,1987,12.81333,
21283,ESP,LTINT,TOT,PC_PA,A,1988,11.74417,
21284,ESP,LTINT,TOT,PC_PA,A,1989,13.60058,
21285,ESP,LTINT,TOT,PC_PA,A,1990,14.6775,
21286,ESP,LTINT,TOT,PC_PA,A,1991,12.36055,
21287,ESP,LTINT,TOT,PC_PA,A,1992,11.69519,
21288,ESP,LTINT,TOT,PC_PA,A,1993,10.21079,
21289,ESP,LTINT,TOT,PC_PA,A,1994,9.997791,
21290,ESP,LTINT,TOT,PC_PA,A,1995,11.27094,
21291,ESP,LTINT,TOT,PC_PA,A,1996,8.736462,
21292,ESP,LTINT,TOT,PC_PA,A,1997,6.401535,
21293,ESP,LTINT,TOT,PC_PA,A,1998,4.832926,
21294,ESP,LTINT,TOT,PC_PA,A,1999,4.727312,
21295,ESP,LTINT,TOT,PC_PA,A,2000,5.525866,
21296,ESP,LTINT,TOT,PC_PA,A,2001,5.115284,
21297,ESP,LTINT,TOT,PC_PA,A,2002,4.957641,
21298,ESP,LTINT,TOT,PC_PA,A,2003,4.123044,
21299,ESP,LTINT,TOT,PC_PA,A,2004,4.104143,
21300,ESP,LTINT,TOT,PC_PA,A,2005,3.386349,
21301,ESP,LTINT,TOT,PC_PA,A,2006,3.78431,
21302,ESP,LTINT,TOT,PC_PA,A,2007,4.306627,
21303,ESP,LTINT,TOT,PC_PA,A,2008,4.363732,
21304,ESP,LTINT,TOT,PC_PA,A,2009,3.974298,
21305,ESP,LTINT,TOT,PC_PA,A,2010,4.250001,
21306,ESP,LTINT,TOT,PC_PA,A,2011,5.436894,
21307,ESP,LTINT,TOT,PC_PA,A,2012,5.846537,
21308,ESP,LTINT,TOT,PC_PA,A,2013,4.561962,
21309,ESP,LTINT,TOT,PC_PA,A,2014,2.721831,
21310,ESP,LTINT,TOT,PC_PA,A,2015,1.735087,
21311,ESP,LTINT,TOT,PC_PA,A,2016,1.393302,
21312,ESP,LTINT,TOT,PC_PA,A,2017,1.557866,
21313,ESP,LTINT,TOT,PC_PA,A,2018,1.419352,
21314,ESP,LTINT,TOT,PC_PA,A,2019,0.6610183,
21315,ESP,LTINT,TOT,PC_PA,A,2020,0.3794776,
21316,ESP,LTINT,TOT,PC_PA,A,2021,0.3487502,
21317,ESP,LTINT,TOT,PC_PA,A,2022,2.198559,
21626,HUN,LTINT,TOT,PC_PA,A,2000,8.55,
21627,HUN,LTINT,TOT,PC_PA,A,2001,7.945,
21628,HUN,LTINT,TOT,PC_PA,A,2002,7.085834,
21629,HUN,LTINT,TOT,PC_PA,A,2003,6.773334,
21630,HUN,LTINT,TOT,PC_PA,A,2004,8.291667,
21631,HUN,LTINT,TOT,PC_PA,A,2005,6.598333,
21632,HUN,LTINT,TOT,PC_PA,A,2006,7.115833,
21633,HUN,LTINT,TOT,PC_PA,A,2007,6.744167,
21634,HUN,LTINT,TOT,PC_PA,A,2008,8.238334,
21635,HUN,LTINT,TOT,PC_PA,A,2009,9.123333,
21636,HUN,LTINT,TOT,PC_PA,A,2010,7.281667,
21637,HUN,LTINT,TOT,PC_PA,A,2011,7.635409,
21638,HUN,LTINT,TOT,PC_PA,A,2012,7.890833,
21639,HUN,LTINT,TOT,PC_PA,A,2013,5.923333,
21640,HUN,LTINT,TOT,PC_PA,A,2014,4.809166,
21641,HUN,LTINT,TOT,PC_PA,A,2015,3.4325,
21642,HUN,LTINT,TOT,PC_PA,A,2016,3.143333,
21643,HUN,LTINT,TOT,PC_PA,A,2017,2.9625,
21644,HUN,LTINT,TOT,PC_PA,A,2018,3.058333,
21645,HUN,LTINT,TOT,PC_PA,A,2019,2.465,
21646,HUN,LTINT,TOT,PC_PA,A,2020,2.225,
21647,HUN,LTINT,TOT,PC_PA,A,2021,3.060833,
21648,HUN,LTINT,TOT,PC_PA,A,2022,7.570833,
23017,BEL,LTINT,TOT,PC_PA,A,1955,4.614167,
23018,BEL,LTINT,TOT,PC_PA,A,1956,4.759167,
23019,BEL,LTINT,TOT,PC_PA,A,1957,6.065,
23020,BEL,LTINT,TOT,PC_PA,A,1958,5.410833,
23021,BEL,LTINT,TOT,PC_PA,A,1959,5.020833,
23022,BEL,LTINT,TOT,PC_PA,A,1960,5.548333,
23023,BEL,LTINT,TOT,PC_PA,A,1961,5.871666,
23024,BEL,LTINT,TOT,PC_PA,A,1962,5.1775,
23025,BEL,LTINT,TOT,PC_PA,A,1963,5.2825,
23026,BEL,LTINT,TOT,PC_PA,A,1964,6.451667,
23027,BEL,LTINT,TOT,PC_PA,A,1965,6.438334,
23028,BEL,LTINT,TOT,PC_PA,A,1966,6.651667,
23029,BEL,LTINT,TOT,PC_PA,A,1967,6.684166,
23030,BEL,LTINT,TOT,PC_PA,A,1968,6.545,
23031,BEL,LTINT,TOT,PC_PA,A,1969,7.293334,
23032,BEL,LTINT,TOT,PC_PA,A,1970,7.804167,
23033,BEL,LTINT,TOT,PC_PA,A,1971,7.321667,
23034,BEL,LTINT,TOT,PC_PA,A,1972,7.044167,
23035,BEL,LTINT,TOT,PC_PA,A,1973,7.494167,
23036,BEL,LTINT,TOT,PC_PA,A,1974,8.768333,
23037,BEL,LTINT,TOT,PC_PA,A,1975,8.515833,
23038,BEL,LTINT,TOT,PC_PA,A,1976,9.088333,
23039,BEL,LTINT,TOT,PC_PA,A,1977,8.7625,
23040,BEL,LTINT,TOT,PC_PA,A,1978,8.9275,
23041,BEL,LTINT,TOT,PC_PA,A,1979,9.693334,
23042,BEL,LTINT,TOT,PC_PA,A,1980,11.9,
23043,BEL,LTINT,TOT,PC_PA,A,1981,13.43667,
23044,BEL,LTINT,TOT,PC_PA,A,1982,13.42833,
23045,BEL,LTINT,TOT,PC_PA,A,1983,11.94083,
23046,BEL,LTINT,TOT,PC_PA,A,1984,12.2425,
23047,BEL,LTINT,TOT,PC_PA,A,1985,10.96833,
23048,BEL,LTINT,TOT,PC_PA,A,1986,8.625834,
23049,BEL,LTINT,TOT,PC_PA,A,1987,8.184167,
23050,BEL,LTINT,TOT,PC_PA,A,1988,8.0075,
23051,BEL,LTINT,TOT,PC_PA,A,1989,8.539166,
23052,BEL,LTINT,TOT,PC_PA,A,1990,10.00667,
23053,BEL,LTINT,TOT,PC_PA,A,1991,9.285833,
23054,BEL,LTINT,TOT,PC_PA,A,1992,8.653334,
23055,BEL,LTINT,TOT,PC_PA,A,1993,7.228333,
23056,BEL,LTINT,TOT,PC_PA,A,1994,7.750834,
23057,BEL,LTINT,TOT,PC_PA,A,1995,7.480834,
23058,BEL,LTINT,TOT,PC_PA,A,1996,6.4925,
23059,BEL,LTINT,TOT,PC_PA,A,1997,5.753334,
23060,BEL,LTINT,TOT,PC_PA,A,1998,4.751667,
23061,BEL,LTINT,TOT,PC_PA,A,1999,4.749166,
23062,BEL,LTINT,TOT,PC_PA,A,2000,5.5925,
23063,BEL,LTINT,TOT,PC_PA,A,2001,5.130833,
23064,BEL,LTINT,TOT,PC_PA,A,2002,4.986667,
23065,BEL,LTINT,TOT,PC_PA,A,2003,4.180833,
23066,BEL,LTINT,TOT,PC_PA,A,2004,4.1525,
23067,BEL,LTINT,TOT,PC_PA,A,2005,3.428333,
23068,BEL,LTINT,TOT,PC_PA,A,2006,3.815,
23069,BEL,LTINT,TOT,PC_PA,A,2007,4.328333,
23070,BEL,LTINT,TOT,PC_PA,A,2008,4.4175,
23071,BEL,LTINT,TOT,PC_PA,A,2009,3.901667,
23072,BEL,LTINT,TOT,PC_PA,A,2010,3.4625,
23073,BEL,LTINT,TOT,PC_PA,A,2011,4.233333,
23074,BEL,LTINT,TOT,PC_PA,A,2012,3.0,
23075,BEL,LTINT,TOT,PC_PA,A,2013,2.41,
23076,BEL,LTINT,TOT,PC_PA,A,2014,1.713333,
23077,BEL,LTINT,TOT,PC_PA,A,2015,0.84,
23078,BEL,LTINT,TOT,PC_PA,A,2016,0.4758333,
23079,BEL,LTINT,TOT,PC_PA,A,2017,0.7225,
23080,BEL,LTINT,TOT,PC_PA,A,2018,0.795,
23081,BEL,LTINT,TOT,PC_PA,A,2019,0.1933333,
23082,BEL,LTINT,TOT,PC_PA,A,2020,-0.1483333,
23083,BEL,LTINT,TOT,PC_PA,A,2021,-0.01416667,
23084,BEL,LTINT,TOT,PC_PA,A,2022,1.733333,
23085,KOR,LTINT,TOT,PC_PA,A,2001,6.855,
23086,KOR,LTINT,TOT,PC_PA,A,2002,6.586667,
23087,KOR,LTINT,TOT,PC_PA,A,2003,5.048333,
23088,KOR,LTINT,TOT,PC_PA,A,2004,4.728333,
23089,KOR,LTINT,TOT,PC_PA,A,2005,4.95,
23090,KOR,LTINT,TOT,PC_PA,A,2006,5.151667,
23091,KOR,LTINT,TOT,PC_PA,A,2007,5.350833,
23092,KOR,LTINT,TOT,PC_PA,A,2008,5.568333,
23093,KOR,LTINT,TOT,PC_PA,A,2009,5.165833,
23094,KOR,LTINT,TOT,PC_PA,A,2010,4.773334,
23095,KOR,LTINT,TOT,PC_PA,A,2011,4.2025,
23096,KOR,LTINT,TOT,PC_PA,A,2012,3.4475,
23097,KOR,LTINT,TOT,PC_PA,A,2013,3.278083,
23098,KOR,LTINT,TOT,PC_PA,A,2014,3.186333,
23099,KOR,LTINT,TOT,PC_PA,A,2015,2.30575,
23100,KOR,LTINT,TOT,PC_PA,A,2016,1.747417,
23101,KOR,LTINT,TOT,PC_PA,A,2017,2.282583,
23102,KOR,LTINT,TOT,PC_PA,A,2018,2.50275,
23103,KOR,LTINT,TOT,PC_PA,A,2019,1.70225,
23104,KOR,LTINT,TOT,PC_PA,A,2020,1.499667,
23105,KOR,LTINT,TOT,PC_PA,A,2021,2.0645,
23106,KOR,LTINT,TOT,PC_PA,A,2022,3.3635,
23545,EA19,LTINT,TOT,PC_PA,A,1970,8.22575,
23546,EA19,LTINT,TOT,PC_PA,A,1971,7.9161,
23547,EA19,LTINT,TOT,PC_PA,A,1972,7.633708,
23548,EA19,LTINT,TOT,PC_PA,A,1973,8.399734,
23549,EA19,LTINT,TOT,PC_PA,A,1974,10.17246,
23550,EA19,LTINT,TOT,PC_PA,A,1975,9.548141,
23551,EA19,LTINT,TOT,PC_PA,A,1976,10.07397,
23552,EA19,LTINT,TOT,PC_PA,A,1977,10.14996,
23553,EA19,LTINT,TOT,PC_PA,A,1978,9.66,
23554,EA19,LTINT,TOT,PC_PA,A,1979,10.40996,
23555,EA19,LTINT,TOT,PC_PA,A,1980,12.37215,
23556,EA19,LTINT,TOT,PC_PA,A,1981,14.55317,
23557,EA19,LTINT,TOT,PC_PA,A,1982,14.3112,
23558,EA19,LTINT,TOT,PC_PA,A,1983,13.03796,
23559,EA19,LTINT,TOT,PC_PA,A,1984,12.18527,
23560,EA19,LTINT,TOT,PC_PA,A,1985,10.6877,
23561,EA19,LTINT,TOT,PC_PA,A,1986,8.8103,
23562,EA19,LTINT,TOT,PC_PA,A,1987,9.061459,
23563,EA19,LTINT,TOT,PC_PA,A,1988,8.970959,
23564,EA19,LTINT,TOT,PC_PA,A,1989,9.6807,
23565,EA19,LTINT,TOT,PC_PA,A,1990,10.86625,
23566,EA19,LTINT,TOT,PC_PA,A,1991,10.16043,
23567,EA19,LTINT,TOT,PC_PA,A,1992,9.830234,
23568,EA19,LTINT,TOT,PC_PA,A,1993,8.424183,
23569,EA19,LTINT,TOT,PC_PA,A,1994,8.175834,
23570,EA19,LTINT,TOT,PC_PA,A,1995,8.729167,
23571,EA19,LTINT,TOT,PC_PA,A,1996,7.2325,
23572,EA19,LTINT,TOT,PC_PA,A,1997,5.958333,
23573,EA19,LTINT,TOT,PC_PA,A,1998,4.703333,
23574,EA19,LTINT,TOT,PC_PA,A,1999,4.65515,
23575,EA19,LTINT,TOT,PC_PA,A,2000,5.438875,
23576,EA19,LTINT,TOT,PC_PA,A,2001,5.0273,
23577,EA19,LTINT,TOT,PC_PA,A,2002,4.922908,
23578,EA19,LTINT,TOT,PC_PA,A,2003,4.160858,
23579,EA19,LTINT,TOT,PC_PA,A,2004,4.140792,
23580,EA19,LTINT,TOT,PC_PA,A,2005,3.440875,
23581,EA19,LTINT,TOT,PC_PA,A,2006,3.859517,
23582,EA19,LTINT,TOT,PC_PA,A,2007,4.3317,
23583,EA19,LTINT,TOT,PC_PA,A,2008,4.356,
23584,EA19,LTINT,TOT,PC_PA,A,2009,4.028792,
23585,EA19,LTINT,TOT,PC_PA,A,2010,3.781917,
23586,EA19,LTINT,TOT,PC_PA,A,2011,4.311008,
23587,EA19,LTINT,TOT,PC_PA,A,2012,3.04785,
23588,EA19,LTINT,TOT,PC_PA,A,2013,3.011842,
23589,EA19,LTINT,TOT,PC_PA,A,2014,2.281667,
23590,EA19,LTINT,TOT,PC_PA,A,2015,1.269233,
23591,EA19,LTINT,TOT,PC_PA,A,2016,0.9294167,
23592,EA19,LTINT,TOT,PC_PA,A,2017,1.170442,
23593,EA19,LTINT,TOT,PC_PA,A,2018,1.264733,
23594,EA19,LTINT,TOT,PC_PA,A,2019,0.58445,
23595,EA19,LTINT,TOT,PC_PA,A,2020,0.2132417,
23596,EA19,LTINT,TOT,PC_PA,A,2021,0.1998833,
23597,EA19,LTINT,TOT,PC_PA,A,2022,2.041433,
24448,COL,LTINT,TOT,PC_PA,A,2003,15.23316,
24449,COL,LTINT,TOT,PC_PA,A,2004,14.32949,
24450,COL,LTINT,TOT,PC_PA,A,2005,11.64633,
24451,COL,LTINT,TOT,PC_PA,A,2006,9.176215,
24452,COL,LTINT,TOT,PC_PA,A,2007,10.0247,
24453,COL,LTINT,TOT,PC_PA,A,2008,11.90042,
24454,COL,LTINT,TOT,PC_PA,A,2009,9.560506,
24455,COL,LTINT,TOT,PC_PA,A,2010,8.476134,
24456,COL,LTINT,TOT,PC_PA,A,2011,8.103227,
24457,COL,LTINT,TOT,PC_PA,A,2012,6.820576,
24458,COL,LTINT,TOT,PC_PA,A,2013,6.497984,
24459,COL,LTINT,TOT,PC_PA,A,2014,7.056633,
24460,COL,LTINT,TOT,PC_PA,A,2015,7.871916,
24461,COL,LTINT,TOT,PC_PA,A,2016,7.9225,
24462,COL,LTINT,TOT,PC_PA,A,2017,6.816667,
24463,COL,LTINT,TOT,PC_PA,A,2018,7.009167,
24464,COL,LTINT,TOT,PC_PA,A,2019,6.4975,
24465,COL,LTINT,TOT,PC_PA,A,2020,6.333333,
24466,COL,LTINT,TOT,PC_PA,A,2021,7.624166,
24467,COL,LTINT,TOT,PC_PA,A,2022,11.63917,
24790,LVA,LTINT,TOT,PC_PA,A,2001,7.573333,
24791,LVA,LTINT,TOT,PC_PA,A,2002,5.408333,
24792,LVA,LTINT,TOT,PC_PA,A,2003,4.900833,
24793,LVA,LTINT,TOT,PC_PA,A,2004,4.8575,
24794,LVA,LTINT,TOT,PC_PA,A,2005,3.875,
24795,LVA,LTINT,TOT,PC_PA,A,2006,4.133333,
24796,LVA,LTINT,TOT,PC_PA,A,2007,5.2825,
24797,LVA,LTINT,TOT,PC_PA,A,2008,6.431667,
24798,LVA,LTINT,TOT,PC_PA,A,2009,12.3575,
24799,LVA,LTINT,TOT,PC_PA,A,2010,10.3375,
24800,LVA,LTINT,TOT,PC_PA,A,2011,5.9075,
24801,LVA,LTINT,TOT,PC_PA,A,2012,4.565,
24802,LVA,LTINT,TOT,PC_PA,A,2013,3.34,
24803,LVA,LTINT,TOT,PC_PA,A,2014,2.508333,
24804,LVA,LTINT,TOT,PC_PA,A,2015,0.9633333,
24805,LVA,LTINT,TOT,PC_PA,A,2016,0.5341667,
24806,LVA,LTINT,TOT,PC_PA,A,2017,0.8341666,
24807,LVA,LTINT,TOT,PC_PA,A,2018,0.9025,
24808,LVA,LTINT,TOT,PC_PA,A,2019,0.3425,
24809,LVA,LTINT,TOT,PC_PA,A,2020,-0.0625,
24810,LVA,LTINT,TOT,PC_PA,A,2021,-0.0025,
24811,LVA,LTINT,TOT,PC_PA,A,2022,2.2725,
24900,LTU,LTINT,TOT,PC_PA,A,2001,8.15225,
24901,LTU,LTINT,TOT,PC_PA,A,2002,6.06325,
24902,LTU,LTINT,TOT,PC_PA,A,2003,5.320333,
24903,LTU,LTINT,TOT,PC_PA,A,2004,4.502584,
24904,LTU,LTINT,TOT,PC_PA,A,2005,3.697417,
24905,LTU,LTINT,TOT,PC_PA,A,2006,4.078667,
24906,LTU,LTINT,TOT,PC_PA,A,2007,4.54475,
24907,LTU,LTINT,TOT,PC_PA,A,2008,5.60775,
24908,LTU,LTINT,TOT,PC_PA,A,2009,14.00442,
24909,LTU,LTINT,TOT,PC_PA,A,2010,5.566667,
24910,LTU,LTINT,TOT,PC_PA,A,2011,5.16,
24911,LTU,LTINT,TOT,PC_PA,A,2012,4.830833,
24912,LTU,LTINT,TOT,PC_PA,A,2013,3.831667,
24913,LTU,LTINT,TOT,PC_PA,A,2014,2.7925,
24914,LTU,LTINT,TOT,PC_PA,A,2015,1.380833,
24915,LTU,LTINT,TOT,PC_PA,A,2016,0.8983333,
24916,LTU,LTINT,TOT,PC_PA,A,2017,0.31,
24917,LTU,LTINT,TOT,PC_PA,A,2018,0.31,
24918,LTU,LTINT,TOT,PC_PA,A,2019,0.31,
24919,LTU,LTINT,TOT,PC_PA,A,2020,0.2233333,
24920,LTU,LTINT,TOT,PC_PA,A,2021,0.16,
24921,LTU,LTINT,TOT,PC_PA,A,2022,0.6133333,
25276,CRI,LTINT,TOT,PC_PA,A,2014,9.704166,
25277,CRI,LTINT,TOT,PC_PA,A,2015,10.10333,
25278,CRI,LTINT,TOT,PC_PA,A,2016,8.720834,
25279,CRI,LTINT,TOT,PC_PA,A,2017,8.7975,
25280,CRI,LTINT,TOT,PC_PA,A,2018,10.05273,
25281,CRI,LTINT,TOT,PC_PA,A,2019,10.33636,
25447,IND,LTINT,TOT,PC_PA,A,2012,8.259556,
25448,IND,LTINT,TOT,PC_PA,A,2013,8.109959,
25449,IND,LTINT,TOT,PC_PA,A,2014,8.586291,
25450,IND,LTINT,TOT,PC_PA,A,2015,7.776181,
25451,IND,LTINT,TOT,PC_PA,A,2016,7.205917,
25452,IND,LTINT,TOT,PC_PA,A,2017,6.92425,
25453,IND,LTINT,TOT,PC_PA,A,2018,7.704333,
25454,IND,LTINT,TOT,PC_PA,A,2019,6.993,
25455,IND,LTINT,TOT,PC_PA,A,2020,6.1575,
25456,IND,LTINT,TOT,PC_PA,A,2021,6.258333,
25457,IND,LTINT,TOT,PC_PA,A,2022,7.193333,
25680,EST,LTINT,TOT,PC_PA,A,2021,0.06333333,
25681,EST,LTINT,TOT,PC_PA,A,2022,2.285833,
25682,IDN,LTINT,TOT,PC_PA,A,2012,5.795833,
25683,IDN,LTINT,TOT,PC_PA,A,2013,6.9875,
25684,IDN,LTINT,TOT,PC_PA,A,2014,8.131667,
25685,IDN,LTINT,TOT,PC_PA,A,2015,8.221666,
25686,IDN,LTINT,TOT,PC_PA,A,2016,7.638333,
25687,IDN,LTINT,TOT,PC_PA,A,2017,6.878334,
25688,IDN,LTINT,TOT,PC_PA,A,2018,7.4575,
25689,IDN,LTINT,TOT,PC_PA,A,2019,7.4653,
25690,IDN,LTINT,TOT,PC_PA,A,2020,6.904896,
25691,IDN,LTINT,TOT,PC_PA,A,2021,6.362951,
25692,IDN,LTINT,TOT,PC_PA,A,2022,6.972653,
25870,BRA,LTINT,TOT,PC_PA,A,1995,23.39167,
25871,BRA,LTINT,TOT,PC_PA,A,1996,16.05917,
25872,BRA,LTINT,TOT,PC_PA,A,1997,10.13083,
25873,BRA,LTINT,TOT,PC_PA,A,1998,11.67333,
25874,BRA,LTINT,TOT,PC_PA,A,1999,13.2175,
25875,BRA,LTINT,TOT,PC_PA,A,2000,10.75,
25876,BRA,LTINT,TOT,PC_PA,A,2001,9.5,
25877,BRA,LTINT,TOT,PC_PA,A,2002,9.875,
25878,BRA,LTINT,TOT,PC_PA,A,2003,11.5,
25879,BRA,LTINT,TOT,PC_PA,A,2004,9.8125,
25880,BRA,LTINT,TOT,PC_PA,A,2005,9.75,
25881,BRA,LTINT,TOT,PC_PA,A,2006,7.875,
25882,BRA,LTINT,TOT,PC_PA,A,2007,6.375,
25883,BRA,LTINT,TOT,PC_PA,A,2008,6.25,
25884,BRA,LTINT,TOT,PC_PA,A,2009,6.125,
25885,BRA,LTINT,TOT,PC_PA,A,2010,6.0,
25886,BRA,LTINT,TOT,PC_PA,A,2011,6.0,
25887,BRA,LTINT,TOT,PC_PA,A,2012,5.75,
25888,BRA,LTINT,TOT,PC_PA,A,2013,5.0,
25889,BRA,LTINT,TOT,PC_PA,A,2014,5.0,
25890,BRA,LTINT,TOT,PC_PA,A,2015,6.25,
25891,BRA,LTINT,TOT,PC_PA,A,2016,7.5,
25892,BRA,LTINT,TOT,PC_PA,A,2017,7.125,
25893,BRA,LTINT,TOT,PC_PA,A,2018,6.7225,
25894,BRA,LTINT,TOT,PC_PA,A,2019,6.2025,
25895,BRA,LTINT,TOT,PC_PA,A,2020,4.8725,
25896,BRA,LTINT,TOT,PC_PA,A,2021,4.8,
25897,BRA,LTINT,TOT,PC_PA,A,2022,6.7775,
26349,CHN,LTINT,TOT,PC_PA,A,2014,4.104116,
26350,CHN,LTINT,TOT,PC_PA,A,2015,3.333883,
26351,CHN,LTINT,TOT,PC_PA,A,2016,2.850067,
26352,CHN,LTINT,TOT,PC_PA,A,2017,3.591667,
26353,CHN,LTINT,TOT,PC_PA,A,2018,3.579167,
26354,CHN,LTINT,TOT,PC_PA,A,2019,3.1813,
26355,CHN,LTINT,TOT,PC_PA,A,2020,2.924433,
26356,CHN,LTINT,TOT,PC_PA,A,2021,3.005533,
26357,CHN,LTINT,TOT,PC_PA,A,2022,2.764183,
26502,BGR,LTINT,TOT,PC_PA,A,2003,6.446667,
26503,BGR,LTINT,TOT,PC_PA,A,2004,5.36,
26504,BGR,LTINT,TOT,PC_PA,A,2005,3.874167,
26505,BGR,LTINT,TOT,PC_PA,A,2006,4.183333,
26506,BGR,LTINT,TOT,PC_PA,A,2007,4.539166,
26507,BGR,LTINT,TOT,PC_PA,A,2008,5.376667,
26508,BGR,LTINT,TOT,PC_PA,A,2009,7.215,
26509,BGR,LTINT,TOT,PC_PA,A,2010,6.005,
26510,BGR,LTINT,TOT,PC_PA,A,2011,5.356667,
26511,BGR,LTINT,TOT,PC_PA,A,2012,4.4975,
26512,BGR,LTINT,TOT,PC_PA,A,2013,3.473333,
26513,BGR,LTINT,TOT,PC_PA,A,2014,3.3475,
26514,BGR,LTINT,TOT,PC_PA,A,2015,2.491667,
26515,BGR,LTINT,TOT,PC_PA,A,2016,2.271667,
26516,BGR,LTINT,TOT,PC_PA,A,2017,1.6025,
26517,BGR,LTINT,TOT,PC_PA,A,2018,0.8925,
26518,BGR,LTINT,TOT,PC_PA,A,2019,0.4291667,
26519,BGR,LTINT,TOT,PC_PA,A,2020,0.2541667,
26520,BGR,LTINT,TOT,PC_PA,A,2021,0.1891667,
26521,BGR,LTINT,TOT,PC_PA,A,2022,1.531667,
26522,HRV,LTINT,TOT,PC_PA,A,2006,4.43,
26523,HRV,LTINT,TOT,PC_PA,A,2007,4.933333,
26524,HRV,LTINT,TOT,PC_PA,A,2008,6.041667,
26525,HRV,LTINT,TOT,PC_PA,A,2009,7.8325,
26526,HRV,LTINT,TOT,PC_PA,A,2010,6.265,
26527,HRV,LTINT,TOT,PC_PA,A,2011,6.539166,
26528,HRV,LTINT,TOT,PC_PA,A,2012,6.129167,
26529,HRV,LTINT,TOT,PC_PA,A,2013,4.680833,
26530,HRV,LTINT,TOT,PC_PA,A,2014,4.050833,
26531,HRV,LTINT,TOT,PC_PA,A,2015,3.526667,
26532,HRV,LTINT,TOT,PC_PA,A,2016,3.475,
26533,HRV,LTINT,TOT,PC_PA,A,2017,2.7675,
26534,HRV,LTINT,TOT,PC_PA,A,2018,2.1725,
26535,HRV,LTINT,TOT,PC_PA,A,2019,1.2875,
26536,HRV,LTINT,TOT,PC_PA,A,2020,0.8333333,
26537,HRV,LTINT,TOT,PC_PA,A,2021,0.4475,
26538,HRV,LTINT,TOT,PC_PA,A,2022,2.695833,
26539,ROU,LTINT,TOT,PC_PA,A,2006,7.228333,
26540,ROU,LTINT,TOT,PC_PA,A,2007,7.134167,
26541,ROU,LTINT,TOT,PC_PA,A,2008,7.6975,
26542,ROU,LTINT,TOT,PC_PA,A,2009,9.694167,
26543,ROU,LTINT,TOT,PC_PA,A,2010,7.336667,
26544,ROU,LTINT,TOT,PC_PA,A,2011,7.2925,
26545,ROU,LTINT,TOT,PC_PA,A,2012,6.679167,
26546,ROU,LTINT,TOT,PC_PA,A,2013,5.414166,
26547,ROU,LTINT,TOT,PC_PA,A,2014,4.494167,
26548,ROU,LTINT,TOT,PC_PA,A,2015,3.473333,
26549,ROU,LTINT,TOT,PC_PA,A,2016,3.319167,
26550,ROU,LTINT,TOT,PC_PA,A,2017,3.958333,
26551,ROU,LTINT,TOT,PC_PA,A,2018,4.686666,
26552,ROU,LTINT,TOT,PC_PA,A,2019,4.539166,
26553,ROU,LTINT,TOT,PC_PA,A,2020,3.893333,
26554,ROU,LTINT,TOT,PC_PA,A,2021,3.625,
26555,ROU,LTINT,TOT,PC_PA,A,2022,7.481667,
